L1D_LOAD_access,L1D_LOAD_avg_miss_penalty,L1D_LOAD_hit,L1D_LOAD_hit_pct,L1D_LOAD_miss,L1D_LOAD_miss_pct,L1D_RFO_access,L1D_RFO_avg_miss_penalty,L1D_RFO_hit,L1D_RFO_hit_pct,L1D_RFO_miss,L1D_RFO_miss_pct,L1D_TOTAL_access,L1D_TOTAL_avg_miss_penalty,L1D_TOTAL_hit,L1D_TOTAL_hit_pct,L1D_TOTAL_miss,L1D_TOTAL_miss_pct,L1D_WRITEBACK_access,L1D_WRITEBACK_avg_miss_penalty,L1D_WRITEBACK_hit,L1D_WRITEBACK_hit_pct,L1D_WRITEBACK_miss,L1D_WRITEBACK_miss_pct,L2C_LOAD_access,L2C_LOAD_avg_miss_penalty,L2C_LOAD_hit,L2C_LOAD_hit_pct,L2C_LOAD_miss,L2C_LOAD_miss_pct,L2C_RFO_access,L2C_RFO_avg_miss_penalty,L2C_RFO_hit,L2C_RFO_hit_pct,L2C_RFO_miss,L2C_RFO_miss_pct,L2C_TOTAL_access,L2C_TOTAL_avg_miss_penalty,L2C_TOTAL_hit,L2C_TOTAL_hit_pct,L2C_TOTAL_miss,L2C_TOTAL_miss_pct,L2C_WRITEBACK_access,L2C_WRITEBACK_avg_miss_penalty,L2C_WRITEBACK_hit,L2C_WRITEBACK_hit_pct,L2C_WRITEBACK_miss,L2C_WRITEBACK_miss_pct,LLC0_LOAD_access,LLC0_LOAD_avg_miss_penalty,LLC0_LOAD_hit,LLC0_LOAD_hit_pct,LLC0_LOAD_miss,LLC0_LOAD_miss_pct,LLC0_RFO_access,LLC0_RFO_avg_miss_penalty,LLC0_RFO_hit,LLC0_RFO_hit_pct,LLC0_RFO_miss,LLC0_RFO_miss_pct,LLC0_TOTAL_access,LLC0_TOTAL_avg_miss_penalty,LLC0_TOTAL_hit,LLC0_TOTAL_hit_pct,LLC0_TOTAL_miss,LLC0_TOTAL_miss_pct,LLC0_WRITEBACK_access,LLC0_WRITEBACK_avg_miss_penalty,LLC0_WRITEBACK_hit,LLC0_WRITEBACK_hit_pct,LLC0_WRITEBACK_miss,LLC0_WRITEBACK_miss_pct,allocated_pages,avg_rrpv_increment_rounds,common_path_rate,cycles,data_store_evictions,data_store_fills_avg,data_store_fills_cv,data_store_fills_max,data_store_fills_min,data_store_fills_total,data_store_occupancy_0,data_store_occupancy_1,data_store_occupancy_10,data_store_occupancy_11,data_store_occupancy_12,data_store_occupancy_13,data_store_occupancy_14,data_store_occupancy_15,data_store_occupancy_16,data_store_occupancy_2,data_store_occupancy_3,data_store_occupancy_4,data_store_occupancy_5,data_store_occupancy_6,data_store_occupancy_7,data_store_occupancy_8,data_store_occupancy_9,deferred_sos_dirty_writebacks,deferred_sos_services,dram_pages,final_rrpv_0,final_rrpv_1,final_rrpv_2,final_rrpv_3,final_rrpv_4,final_rrpv_5,final_rrpv_6,final_rrpv_7,instructions,ipc,llc_avg_miss_latency,llc_security_mode,major_fault,minor_fault,mode,no_of_sos_triggered,rrpv_sampled_evictions,rrpv_total_rounds,sos_forced_selections,sos_percentage,sos_queue_enqueues,sos_queue_max_occupancy,sos_queue_remaining,sos_service_rate,ssl_common_selections,stale_tag_repairs,tag_free_skew0_avg,tag_free_skew1_avg,tag_insert_skew0,tag_insert_skew1,tag_occ_skew0_0,tag_occ_skew0_1,tag_occ_skew0_10,tag_occ_skew0_11,tag_occ_skew0_12,tag_occ_skew0_13,tag_occ_skew0_14,tag_occ_skew0_2,tag_occ_skew0_3,tag_occ_skew0_4,tag_occ_skew0_5,tag_occ_skew0_6,tag_occ_skew0_7,tag_occ_skew0_8,tag_occ_skew0_9,tag_occ_skew0_avg,tag_occ_skew1_0,tag_occ_skew1_1,tag_occ_skew1_10,tag_occ_skew1_11,tag_occ_skew1_12,tag_occ_skew1_13,tag_occ_skew1_14,tag_occ_skew1_2,tag_occ_skew1_3,tag_occ_skew1_4,tag_occ_skew1_5,tag_occ_skew1_6,tag_occ_skew1_7,tag_occ_skew1_8,tag_occ_skew1_9,tag_occ_skew1_avg,tag_store_full_events,tag_utilization,total_miss_at_tag_array,trace,victim_rrpv_0,victim_rrpv_1,victim_rrpv_2,victim_rrpv_3,victim_rrpv_4,victim_rrpv_5,victim_rrpv_6,victim_rrpv_7
40726560,76.7525,37479380,92.0269,3247180,7.97313,22550336,142.536,22547604,99.9879,2732,0.0121151,63276896,76.8078,60026984,94.864,3249912,5.13602,0,0.0,0,0.0,0,0.0,3247180,123.313,1622218,49.9577,1624962,50.0423,2732,174.225,741,27.123,1991,72.877,3291261,123.375,1664303,50.5673,1626958,49.4327,41349,0.0,41344,99.9879,5,0.0120922,1624962,85.7374,8877,0.54629,1616085,99.4537,1991,138.78,53,2.66198,1938,97.338,1648110,85.6026,26338,1.59807,1621772,98.4019,21157,0.0,17408,82.2801,3749,17.7199,10446,0.0680657,99.9887,666295107,3457787.0,1704.37,0.000346127,1707.0,1704.0,3490555.0,0.0,2048.0,2048.0,2048.0,2048.0,2048.0,2048.0,2048.0,6917622.0,2048.0,2048.0,2048.0,2048.0,2048.0,2048.0,2048.0,2048.0,25.0,396.0,1048576,29.0,72.0,75.0,448.0,2897.0,1233.0,14969.0,13045.0,200000001,0.300167,85.6026,enigma,0,10446,enigma,396.0,3490159.0,237560.0,396.0,0.0113449,396.0,1.0,0.0,0.0113449,3490159.0,0.0,6.01367,5.98633,1746820.0,1743735.0,0.0,0.0,217.0,27.0,0.0,0.0,0.0,1.0,9.0,17.0,80.0,183.0,370.0,592.0,552.0,7.98633,0.0,0.0,243.0,25.0,0.0,0.0,0.0,0.0,4.0,19.0,65.0,193.0,379.0,597.0,523.0,8.01367,0.0,0.571429,3490555.0,602.gcc_s-734B.champsimtrace.xz,0.0,0.0,0.0,0.0,0.0,0.0,0.0,3490159.0
40726917,77.141,37479736,92.0269,3247181,7.97306,22550329,144.851,22547597,99.9879,2732,0.0121151,63277246,77.1979,60027333,94.864,3249913,5.13599,0,0.0,0,0.0,0,0.0,3247181,124.09,1622219,49.9578,1624962,50.0422,2732,177.402,741,27.123,1991,72.877,3291262,124.155,1664304,50.5674,1626958,49.4326,41349,0.0,41344,99.9879,5,0.0120922,1624962,86.3109,5008,0.308192,1619954,99.6918,1991,139.976,23,1.1552,1968,98.8448,1648110,85.9721,18567,1.12656,1629543,98.8734,21157,0.0,13536,63.9788,7621,36.0212,10446,,,667449685,3478704.0,1714.59,0.0244226,1875.0,1579.0,3511472.0,0.0,2258.0,8758.0,11398.0,14848.0,19570.0,30624.0,63088.0,6803710.0,2720.0,2980.0,3364.0,3890.0,4480.0,5154.0,5992.0,7342.0,,,1048576,,,,,,,,,200000001,0.299648,85.972,mirage,0,10446,mirage,0.0,,,,0.0,,,,,,,,,1755897.0,1755575.0,0.0,1.0,249.0,16.0,1.0,0.0,0.0,1.0,1.0,26.0,68.0,188.0,381.0,602.0,514.0,7.99072,0.0,0.0,225.0,26.0,0.0,0.0,0.0,2.0,4.0,19.0,79.0,188.0,346.0,601.0,558.0,8.00928,,,3511472.0,602.gcc_s-734B.champsimtrace.xz,,,,,,,,
40726447,72.7536,37479266,92.0268,3247181,7.97315,22550476,136.95,22547744,99.9879,2732,0.012115,63276923,72.8075,60027010,94.864,3249913,5.13602,0,0.0,0,0.0,0,0.0,3247181,115.321,1622219,49.9578,1624962,50.0422,2732,166.462,741,27.123,1991,72.877,3291262,115.383,1664304,50.5674,1626958,49.4326,41349,0.0,41344,99.9879,5,0.0120922,1624962,81.7247,8950,0.550782,1616012,99.4492,1991,134.688,51,2.56153,1940,97.4385,1648110,81.5991,26409,1.60238,1621701,98.3976,21157,0.0,17408,82.2801,3749,17.7199,10446,0.0681153,,653518198,3457505.0,1704.23,0.0661514,1954.0,1415.0,3490273.0,0.0,2048.0,2048.0,2048.0,2048.0,2048.0,2048.0,2048.0,6917058.0,2048.0,2048.0,2048.0,2048.0,2048.0,2048.0,2048.0,2048.0,,,1048576,30.0,83.0,67.0,674.0,2745.0,1148.0,15082.0,12939.0,200000001,0.306036,81.5991,srrip,0,10446,srrip,,3490273.0,237741.0,,,,,,,,,,,,,,,,,,,,,,,,,,,,,,,,,,,,,,,,,,,,,,,,602.gcc_s-734B.champsimtrace.xz,0.0,0.0,0.0,0.0,0.0,0.0,0.0,3490273.0
59534312,321.606,55633397,93.4476,3900915,6.55238,11205466,203.827,11108018,99.1304,97448,0.869647,70739778,318.735,66741415,94.3478,3998363,5.65221,0,0.0,0,0.0,0,0.0,3900915,321.065,197837,5.07155,3703078,94.9284,97448,187.761,0,0.0,97448,100.0,4097296,317.647,296770,7.24307,3800526,92.7569,98933,0.0,98933,100.0,0,0.0,3703078,282.103,0,0.0,3703078,100.0,97448,149.049,0,0.0,97448,100.0,3897998,278.691,97468,2.50046,3800530,97.4995,97472,0.0,97468,99.9959,4,0.00410374,112968,0.072186,99.9888,316817830,7568499.0,3711.56,0.000196878,3715.0,3711.0,7601267.0,0.0,2048.0,2048.0,2048.0,2048.0,2048.0,2048.0,2048.0,15139046.0,2048.0,2048.0,2048.0,2048.0,2048.0,2048.0,2048.0,2048.0,117.0,849.0,1048576,359.0,691.0,718.0,687.0,714.0,763.0,15475.0,13361.0,200000001,0.631278,278.691,enigma,0,112968,enigma,849.0,7600418.0,548644.0,849.0,0.0111692,849.0,1.0,0.0,0.0111692,7600418.0,0.0,6.00684,5.99316,3801698.0,3799569.0,0.0,0.0,259.0,21.0,0.0,0.0,0.0,1.0,3.0,30.0,76.0,196.0,363.0,570.0,529.0,7.99316,0.0,1.0,246.0,28.0,0.0,0.0,0.0,0.0,4.0,21.0,72.0,181.0,404.0,560.0,531.0,8.00684,0.0,0.571429,7601267.0,603.bwaves_s-1740B.champsimtrace.xz,0.0,0.0,0.0,0.0,0.0,0.0,0.0,7600418.0
59534898,321.631,55633983,93.4477,3900915,6.55232,11205550,203.695,11108102,99.1304,97448,0.86964,70740448,318.756,66742085,94.3478,3998363,5.65216,0,0.0,0,0.0,0,0.0,3900915,321.091,197837,5.07155,3703078,94.9284,97448,187.627,0,0.0,97448,100.0,4097296,317.669,296770,7.24307,3800526,92.7569,98933,0.0,98933,100.0,0,0.0,3703078,282.129,1,2.70046e-05,3703077,100.0,97448,148.91,0,0.0,97448,100.0,3897998,277.292,77996,2.00092,3820002,97.9991,97472,0.0,77995,80.0179,19477,19.9821,112968,,,316842684,7607302.0,3730.5,0.0160351,3919.0,3531.0,7640070.0,0.0,2326.0,8854.0,11166.0,14910.0,19858.0,30466.0,63590.0,15059906.0,2726.0,3036.0,3484.0,3800.0,4452.0,5144.0,6170.0,7484.0,,,1048576,,,,,,,,,200000001,0.631228,277.292,mirage,0,112968,mirage,0.0,,,,0.0,,,,,,,,,3819166.0,3820904.0,0.0,0.0,214.0,15.0,0.0,0.0,0.0,2.0,7.0,23.0,67.0,187.0,367.0,577.0,589.0,7.99072,0.0,0.0,220.0,15.0,0.0,0.0,0.0,1.0,4.0,22.0,67.0,167.0,390.0,589.0,573.0,8.00928,,,7640070.0,603.bwaves_s-1740B.champsimtrace.xz,,,,,,,,
59525866,313.951,55624951,93.4467,3900915,6.55331,11207196,198.262,11109748,99.1305,97448,0.869513,70733062,311.131,66734699,94.3473,3998363,5.65275,0,0.0,0,0.0,0,0.0,3900915,313.0,197837,5.07155,3703078,94.9284,97448,182.199,0,0.0,97448,100.0,4097296,309.646,296770,7.24307,3800526,92.7569,98933,0.0,98933,100.0,0,0.0,3703078,277.993,0,0.0,3703078,100.0,97448,147.401,0,0.0,97448,100.0,3897998,274.645,97472,2.50057,3800526,97.4994,97472,0.0,97472,100.0,0,0.0,112968,0.0723438,,313245680,7568491.0,3711.55,0.000477269,3733.0,3708.0,7601259.0,0.0,2048.0,2048.0,2048.0,2048.0,2048.0,2048.0,2048.0,15139030.0,2048.0,2048.0,2048.0,2048.0,2048.0,2048.0,2048.0,2048.0,,,1048576,507.0,462.0,870.0,780.0,580.0,837.0,16325.0,12407.0,200000001,0.638476,274.645,srrip,0,112968,srrip,,7601259.0,549904.0,,,,,,,,,,,,,,,,,,,,,,,,,,,,,,,,,,,,,,,,,,,,,,,,603.bwaves_s-1740B.champsimtrace.xz,0.0,0.0,0.0,0.0,0.0,0.0,0.0,7601259.0
59563354,321.659,55662429,93.4508,3900925,6.5492,11205244,203.956,11107795,99.1303,97449,0.869673,70768598,318.791,66770224,94.3501,3998374,5.64993,0,0.0,0,0.0,0,0.0,3900925,321.111,197839,5.07159,3703086,94.9284,97449,187.911,0,0.0,97449,100.0,4097301,317.696,296766,7.24296,3800535,92.757,98927,0.0,98927,100.0,0,0.0,3703087,282.151,0,0.0,3703087,100.0,97449,149.193,0,0.0,97449,100.0,3897984,278.741,97442,2.49981,3800542,97.5002,97448,0.0,97442,99.9938,6,0.00615713,112961,0.0721854,99.9884,316597327,7568500.0,3711.56,0.000196868,3715.0,3711.0,7601268.0,0.0,2048.0,2048.0,2048.0,2048.0,2048.0,2048.0,2048.0,15139048.0,2048.0,2048.0,2048.0,2048.0,2048.0,2048.0,2048.0,2048.0,128.0,881.0,1048576,336.0,723.0,653.0,742.0,693.0,654.0,15773.0,13194.0,200000000,0.631717,278.741,enigma,0,112961,enigma,881.0,7600387.0,548637.0,881.0,0.0115902,881.0,1.0,0.0,0.0115902,7600391.0,0.0,6.02002,5.97998,3802273.0,3798995.0,0.0,0.0,225.0,24.0,0.0,0.0,0.0,1.0,4.0,21.0,83.0,197.0,355.0,593.0,545.0,7.97998,0.0,0.0,235.0,21.0,0.0,0.0,0.0,1.0,5.0,22.0,55.0,190.0,387.0,573.0,559.0,8.02002,0.0,0.571429,7601272.0,603.bwaves_s-2609B.champsimtrace.xz,0.0,0.0,0.0,0.0,0.0,0.0,0.0,7600387.0
59564408,321.678,55663483,93.4509,3900925,6.54909,11205350,203.744,11107901,99.1303,97449,0.869665,70769758,318.804,66771384,94.3502,3998374,5.64983,0,0.0,0,0.0,0,0.0,3900925,321.131,197839,5.07159,3703086,94.9284,97449,187.7,0,0.0,97449,100.0,4097301,317.71,296766,7.24296,3800535,92.757,98927,0.0,98927,100.0,0,0.0,3703087,282.171,4,0.000108018,3703083,99.9999,97449,148.977,0,0.0,97449,100.0,3897984,277.36,78324,2.00935,3819660,97.9907,97448,0.0,78320,80.3711,19128,19.6289,112961,,,316615244,7607041.0,3730.38,0.0164289,3932.0,3517.0,7639809.0,0.0,2328.0,8702.0,10848.0,14092.0,19834.0,30450.0,62290.0,15061954.0,2712.0,2984.0,3422.0,3894.0,4468.0,5542.0,6040.0,7290.0,,,1048576,,,,,,,,,200000000,0.631682,277.36,mirage,0,112961,mirage,0.0,,,,0.0,,,,,,,,,3823254.0,3816555.0,0.0,0.0,235.0,19.0,0.0,0.0,0.0,1.0,8.0,21.0,62.0,191.0,390.0,553.0,568.0,8.00342,0.0,0.0,229.0,25.0,0.0,0.0,0.0,2.0,4.0,17.0,77.0,172.0,389.0,609.0,524.0,7.99658,,,7639814.0,603.bwaves_s-2609B.champsimtrace.xz,,,,,,,,
59554778,313.972,55653853,93.4499,3900925,6.55015,11207331,198.024,11109882,99.1305,97449,0.869511,70762109,311.146,66763735,94.3496,3998374,5.65044,0,0.0,0,0.0,0,0.0,3900925,313.012,197839,5.07159,3703086,94.9284,97449,181.977,0,0.0,97449,100.0,4097301,309.652,296766,7.24296,3800535,92.757,98927,0.0,98927,100.0,0,0.0,3703087,278.005,0,0.0,3703087,100.0,97449,147.198,0,0.0,97449,100.0,3897984,274.651,97448,2.49996,3800536,97.5,97448,0.0,97448,100.0,0,0.0,112961,0.072346,,313006111,7568491.0,3711.55,0.000441467,3732.0,3709.0,7601259.0,0.0,2048.0,2048.0,2048.0,2048.0,2048.0,2048.0,2048.0,15139030.0,2048.0,2048.0,2048.0,2048.0,2048.0,2048.0,2048.0,2048.0,,,1048576,483.0,414.0,996.0,720.0,420.0,1063.0,16458.0,12214.0,200000000,0.638965,274.651,srrip,0,112961,srrip,,7601259.0,549921.0,,,,,,,,,,,,,,,,,,,,,,,,,,,,,,,,,,,,,,,,,,,,,,,,603.bwaves_s-2609B.champsimtrace.xz,0.0,0.0,0.0,0.0,0.0,0.0,0.0,7601259.0
33102723,229.276,30965987,93.5451,2136736,6.45486,34139730,365.893,32873036,96.2897,1266694,3.71032,67242453,280.122,63839023,94.9386,3403430,5.06143,0,0.0,0,0.0,0,0.0,2136681,267.163,428222,20.0415,1708459,79.9585,1234027,372.924,43264,3.50592,1190763,96.4941,4654658,310.518,1754659,37.6968,2899999,62.3032,1283950,0.0,1283173,99.9395,777,0.0605164,1708459,237.553,61410,3.59447,1647049,96.4055,1190763,334.55,0,0.0,1190763,100.0,4091056,255.394,999236,24.4249,3091820,75.5751,1191834,0.0,937826,78.6876,254008,21.3124,76555,0.192942,99.9927,293441945,6200042.0,3043.36,0.000199672,3047.0,3043.0,6232810.0,0.0,2048.0,2048.0,2048.0,2048.0,2048.0,2048.0,2048.0,12402132.0,2048.0,2048.0,2048.0,2048.0,2048.0,2048.0,2048.0,2048.0,279.0,456.0,1048576,1517.0,2544.0,2557.0,3194.0,3714.0,3759.0,9965.0,5518.0,200000003,0.681566,255.394,enigma,0,76555,enigma,456.0,6232354.0,1202481.0,456.0,0.00731611,456.0,1.0,0.0,0.00731611,6232361.0,0.0,6.03271,5.96729,3118230.0,3114580.0,0.0,0.0,218.0,25.0,0.0,0.0,0.0,0.0,5.0,23.0,78.0,195.0,393.0,555.0,556.0,7.96729,0.0,0.0,244.0,17.0,0.0,0.0,0.0,1.0,4.0,24.0,66.0,172.0,358.0,612.0,550.0,8.03271,0.0,0.571429,6232817.0,603.bwaves_s-2931B.champsimtrace.xz,0.0,0.0,0.0,0.0,0.0,0.0,0.0,6232354.0
33100222,225.38,30963415,93.5444,2136807,6.45557,34139573,365.893,32873119,96.2904,1266454,3.70964,67239795,277.669,63836534,94.9386,3403261,5.06138,0,0.0,0,0.0,0,0.0,2136751,262.297,428291,20.044,1708460,79.956,1233745,372.852,42982,3.48386,1190763,96.5161,4654206,307.621,1754205,37.6907,2900001,62.3093,1283710,0.0,1282932,99.9394,778,0.0606056,1708460,241.147,120587,7.05823,1587873,92.9418,1190763,334.477,0,0.0,1190763,100.0,4091058,256.258,1042589,25.4846,3048469,74.5154,1191835,0.0,922002,77.3599,269833,22.6401,76555,,,293353377,6076825.0,2983.2,0.0183178,3170.0,2813.0,6109593.0,0.0,2326.0,8720.0,11358.0,14322.0,19548.0,30762.0,63690.0,11999536.0,2632.0,2998.0,3446.0,3828.0,4554.0,5278.0,6220.0,7200.0,,,1048576,,,,,,,,,200000003,0.681772,256.258,mirage,0,76555,mirage,0.0,,,,0.0,,,,,,,,,3054938.0,3054655.0,0.0,0.0,220.0,15.0,0.0,0.0,0.0,2.0,9.0,27.0,61.0,184.0,389.0,574.0,567.0,7.97412,0.0,0.0,239.0,28.0,0.0,0.0,0.0,0.0,5.0,23.0,66.0,195.0,372.0,552.0,568.0,8.02588,,,6109600.0,603.bwaves_s-2931B.champsimtrace.xz,,,,,,,,
33100817,217.988,30963943,93.5443,2136874,6.45565,34139737,365.242,32873340,96.2905,1266397,3.70945,67240554,272.783,63837283,94.9387,3403271,5.06134,0,0.0,0,0.0,0,0.0,2136835,253.04,428313,20.0443,1708522,79.9557,1234515,372.137,43752,3.54406,1190763,96.4559,4654995,301.873,1754934,37.7,2900061,62.3,1283645,0.0,1282869,99.9395,776,0.0604529,1708522,227.489,64583,3.78005,1643939,96.2199,1190763,337.751,0,0.0,1190763,100.0,4091118,249.922,985507,24.0889,3105611,75.9111,1191833,0.0,920924,77.2696,270909,22.7304,76555,0.185976,,287901273,6262813.0,3074.01,0.0229122,3191.0,2901.0,6295581.0,0.0,2048.0,2048.0,2048.0,2048.0,2048.0,2048.0,2048.0,12527674.0,2048.0,2048.0,2048.0,2048.0,2048.0,2048.0,2048.0,2048.0,,,1048576,2436.0,3493.0,3123.0,2729.0,2804.0,3112.0,9955.0,5116.0,200000003,0.694683,249.922,srrip,0,76555,srrip,,6295581.0,1170824.0,,,,,,,,,,,,,,,,,,,,,,,,,,,,,,,,,,,,,,,,,,,,,,,,603.bwaves_s-2931B.champsimtrace.xz,0.0,0.0,0.0,0.0,0.0,0.0,0.0,6295581.0
51157523,86.4809,37024509,72.3735,14133014,27.6265,15928773,35.2425,15339482,96.3005,589291,3.69954,67086296,84.4299,52363991,78.0547,14722305,21.9453,0,0.0,0,0.0,0,0.0,14132982,84.6234,2292289,16.2194,11840693,83.7806,589291,39.6952,289568,49.1384,299723,50.8616,15628524,83.5035,3486553,22.3089,12141971,77.6911,906251,0.0,904696,99.8284,1555,0.171586,11840689,106.13,6687005,56.4748,5153684,43.5252,299721,168.699,297212,99.1629,2509,0.837112,12746911,106.124,7588920,59.5354,5157991,40.4646,606501,0.0,604703,99.7035,1798,0.296455,132834,0.149289,99.9913,868313710,9317976.0,4565.79,0.000173975,4569.0,4565.0,9350744.0,0.0,2048.0,2048.0,2048.0,2048.0,2048.0,2048.0,2048.0,18638000.0,2048.0,2048.0,2048.0,2048.0,2048.0,2048.0,2048.0,2048.0,103.0,810.0,1048576,6902.0,5107.0,2052.0,1239.0,860.0,636.0,9032.0,6940.0,200000002,0.230331,106.124,enigma,0,132834,enigma,810.0,9349934.0,1395846.0,810.0,0.00866241,810.0,1.0,0.0,0.00866241,9349934.0,0.0,6.03271,5.96729,4678593.0,4672151.0,0.0,0.0,214.0,19.0,0.0,0.0,0.0,0.0,5.0,19.0,67.0,205.0,376.0,607.0,536.0,7.96729,0.0,0.0,211.0,18.0,0.0,0.0,0.0,1.0,4.0,18.0,50.0,190.0,376.0,585.0,595.0,8.03271,0.0,0.571429,9350744.0,605.mcf_s-1152B.champsimtrace.xz,0.0,0.0,0.0,0.0,0.0,0.0,0.0,9349934.0
51185009,122.939,37052039,72.3885,14132970,27.6115,15917772,44.2428,15328486,96.2979,589286,3.70206,67102781,119.789,52380525,78.0601,14722256,21.9399,0,0.0,0,0.0,0,0.0,14132935,128.198,2292340,16.2198,11840595,83.7802,589286,57.3837,289562,49.1378,299724,50.8622,15628465,126.433,3486591,22.3092,12141874,77.6908,906244,0.0,904689,99.8284,1555,0.171587,11840590,149.487,4720560,39.8676,7120030,60.1324,299722,190.956,269756,90.0021,29966,9.99793,12746816,147.381,5486192,43.0397,7260624,56.9603,606504,0.0,495876,81.7597,110628,18.2403,132834,,,1076094735,13124669.0,6424.53,0.0125238,6733.0,6142.0,13157437.0,0.0,2284.0,8720.0,11220.0,14522.0,19676.0,30210.0,62780.0,26096704.0,2664.0,3008.0,3478.0,3840.0,4500.0,5146.0,6192.0,7162.0,,,1048576,,,,,,,,,200000002,0.185857,147.381,mirage,0,132834,mirage,0.0,,,,0.0,,,,,,,,,6576860.0,6580577.0,0.0,0.0,218.0,15.0,0.0,0.0,0.0,1.0,5.0,17.0,69.0,170.0,366.0,611.0,576.0,8.02197,0.0,0.0,200.0,21.0,0.0,0.0,0.0,1.0,4.0,24.0,71.0,163.0,400.0,611.0,553.0,7.97803,,,13157438.0,605.mcf_s-1152B.champsimtrace.xz,,,,,,,,
51160534,82.4618,37027486,72.3751,14133048,27.6249,15936081,33.1928,15346789,96.3022,589292,3.69785,67096615,80.4897,52374275,78.058,14722340,21.942,0,0.0,0,0.0,0,0.0,14133013,79.8239,2292321,16.2196,11840692,83.7804,589292,35.6748,289570,49.1386,299722,50.8614,15628555,78.7238,3486586,22.3091,12141969,77.6909,906250,0.0,904695,99.8284,1555,0.171586,11840692,103.425,6645065,56.1206,5195627,43.8794,299721,165.103,297213,99.1632,2508,0.836778,12746914,103.402,7546149,59.1998,5200765,40.8002,606501,0.0,603871,99.5664,2630,0.433635,132834,0.1504,,853383839,9396911.0,4604.34,0.0501898,5785.0,4162.0,9429679.0,0.0,2048.0,2048.0,2048.0,2048.0,2048.0,2048.0,2048.0,18795870.0,2048.0,2048.0,2048.0,2048.0,2048.0,2048.0,2048.0,2048.0,,,1048576,6804.0,5055.0,2055.0,1247.0,798.0,654.0,9169.0,6986.0,200000002,0.234361,103.402,srrip,0,132834,srrip,,9429679.0,1418221.0,,,,,,,,,,,,,,,,,,,,,,,,,,,,,,,,,,,,,,,,,,,,,,,,605.mcf_s-1152B.champsimtrace.xz,0.0,0.0,0.0,0.0,0.0,0.0,0.0,9429679.0
40698013,279.421,35705504,87.7328,4992509,12.2672,53881668,224.025,53393484,99.094,488184,0.90603,94579681,274.487,89098988,94.2052,5480693,5.79479,0,0.0,0,0.0,0,0.0,4992484,245.34,94095,1.88473,4898389,98.1153,488183,210.467,4523,0.926497,483660,99.0735,6760440,242.068,1375326,20.3437,5385114,79.6563,1279773,0.0,1276708,99.7605,3065,0.239496,4898389,183.721,9955,0.20323,4888434,99.7968,483660,172.196,263,0.054377,483397,99.9456,6588845,174.03,949895,14.4167,5638950,85.5833,1206796,0.0,939677,77.8654,267119,22.1346,97421,0.129974,99.9897,746190233,10952527.0,5363.91,0.000167425,5369.0,5363.0,10985295.0,0.0,2048.0,2048.0,2048.0,2048.0,2048.0,2048.0,2048.0,21907102.0,2048.0,2048.0,2048.0,2048.0,2048.0,2048.0,2048.0,2048.0,521.0,1136.0,1048576,2316.0,3953.0,980.0,430.0,1539.0,2559.0,12164.0,8827.0,200000001,0.268028,154.063,enigma,0,97421,enigma,1136.0,10984159.0,1427650.0,1136.0,0.0103411,1136.0,1.0,0.0,0.0103411,10984160.0,0.0,6.00586,5.99414,5497488.0,5487807.0,0.0,0.0,219.0,19.0,0.0,0.0,0.0,1.0,3.0,21.0,85.0,180.0,363.0,581.0,576.0,7.99414,0.0,0.0,223.0,21.0,0.0,0.0,0.0,0.0,9.0,16.0,58.0,187.0,407.0,560.0,567.0,8.00586,0.0,0.571429,10985296.0,605.mcf_s-484B.champsimtrace.xz,0.0,0.0,0.0,0.0,0.0,0.0,0.0,10984159.0
40711804,273.291,35719293,87.7369,4992511,12.2631,53880515,224.727,53392329,99.0939,488186,0.906053,94592319,268.966,89111622,94.206,5480697,5.79402,0,0.0,0,0.0,0,0.0,4992486,239.09,94098,1.88479,4898388,98.1152,488185,211.157,4525,0.926903,483660,99.0731,6760447,236.445,1375333,20.3438,5385114,79.6562,1279776,0.0,1276710,99.7604,3066,0.239573,4898388,182.458,146009,2.98076,4752379,97.0192,483660,172.826,115,0.023777,483545,99.9762,6588843,172.023,1062361,16.1236,5526482,83.8764,1206795,0.0,916237,75.9232,290558,24.0768,97421,,,740754024,10753084.0,5266.53,0.0139477,5517.0,5025.0,10785852.0,0.0,2306.0,8858.0,10900.0,14642.0,19686.0,30056.0,66366.0,21350328.0,2640.0,2908.0,3414.0,3912.0,4610.0,5064.0,6124.0,7122.0,,,1048576,,,,,,,,,200000001,0.269995,151.652,mirage,0,97421,mirage,0.0,,,,0.0,,,,,,,,,5395825.0,5390027.0,0.0,0.0,215.0,28.0,2.0,0.0,0.0,2.0,4.0,21.0,80.0,170.0,394.0,577.0,555.0,7.99365,0.0,0.0,241.0,17.0,0.0,0.0,0.0,0.0,1.0,26.0,64.0,202.0,364.0,584.0,549.0,8.00635,,,10785853.0,605.mcf_s-484B.champsimtrace.xz,,,,,,,,
40698845,274.266,35706335,87.733,4992510,12.267,53882086,216.575,53393900,99.094,488186,0.906027,94580931,269.127,89100235,94.2053,5480696,5.79472,0,0.0,0,0.0,0,0.0,4992486,240.057,94097,1.88477,4898389,98.1152,488185,202.934,4525,0.926903,483660,99.0731,6760447,236.586,1375333,20.3438,5385114,79.6562,1279776,0.0,1276711,99.7605,3065,0.239495,4898389,182.404,9746,0.198963,4888643,99.801,483661,168.66,256,0.0529296,483405,99.9471,6588846,171.813,924307,14.0284,5664539,85.9716,1206796,0.0,914305,75.763,292491,24.237,97421,0.127981,,733364571,11004057.0,5389.07,0.0701694,6586.0,4336.0,11036825.0,0.0,2048.0,2048.0,2048.0,2048.0,2048.0,2048.0,2048.0,22010162.0,2048.0,2048.0,2048.0,2048.0,2048.0,2048.0,2048.0,2048.0,,,1048576,2817.0,3609.0,921.0,659.0,1489.0,1566.0,12272.0,9435.0,200000001,0.272716,151.937,srrip,0,97421,srrip,,11036825.0,1412509.0,,,,,,,,,,,,,,,,,,,,,,,,,,,,,,,,,,,,,,,,,,,,,,,,605.mcf_s-484B.champsimtrace.xz,0.0,0.0,0.0,0.0,0.0,0.0,0.0,11036825.0
56974378,72.9965,50960002,89.4437,6014376,10.5563,22703045,30.3162,21952603,96.6945,750442,3.30547,79677423,68.2618,72912605,91.5097,6764818,8.49026,0,0.0,0,0.0,0,0.0,6014362,94.4864,2344584,38.9831,3669778,61.0169,750419,39.0125,458533,61.1036,291886,38.8964,7861841,90.387,3899643,49.6022,3962198,50.3978,1097060,0.0,1096526,99.9513,534,0.0486756,3669774,128.578,2063154,56.2202,1606620,43.7798,291866,176.387,291044,99.7184,822,0.281636,4485248,128.525,2876843,64.1401,1608405,35.8599,523608,0.0,522645,99.8161,963,0.183916,44570,0.197806,99.9919,786967416,3585007.0,1766.49,0.000343454,1770.0,1766.0,3617775.0,0.0,2048.0,2048.0,2048.0,2048.0,2048.0,2048.0,2048.0,7172062.0,2048.0,2048.0,2048.0,2048.0,2048.0,2048.0,2048.0,2048.0,27.0,294.0,1048576,6258.0,5502.0,2770.0,2214.0,1931.0,1795.0,7500.0,4798.0,200000000,0.25414,128.525,enigma,0,44570,enigma,294.0,3617481.0,715559.0,294.0,0.00812654,294.0,1.0,0.0,0.00812654,3617481.0,0.0,6.00732,5.99268,1805511.0,1812264.0,0.0,0.0,206.0,17.0,0.0,0.0,0.0,2.0,3.0,17.0,70.0,175.0,390.0,601.0,567.0,7.99268,0.0,0.0,222.0,25.0,0.0,0.0,0.0,0.0,4.0,15.0,78.0,172.0,386.0,606.0,540.0,8.00732,0.0,0.571429,3617775.0,605.mcf_s-665B.champsimtrace.xz,0.0,0.0,0.0,0.0,0.0,0.0,0.0,3617481.0
56972749,92.1676,50958421,89.4435,6014328,10.5565,22697823,36.1882,21947398,96.6938,750425,3.30615,79670572,85.9577,72905819,91.5091,6764753,8.49091,0,0.0,0,0.0,0,0.0,6014311,125.924,2344543,38.9827,3669768,61.0173,750404,54.1356,458525,61.1038,291879,38.8962,7861760,120.619,3899579,49.6019,3962181,50.3981,1097045,0.0,1096511,99.9513,534,0.0486762,3669765,155.532,1598953,43.571,2070812,56.429,291862,185.677,267270,91.5741,24592,8.4259,4485223,149.102,2294478,51.1564,2190745,48.8436,523596,0.0,428255,81.7911,95341,18.2089,44570,,,850274652,4861828.0,2389.94,0.0200008,2534.0,2215.0,4894596.0,0.0,2292.0,9344.0,10958.0,14178.0,20126.0,30500.0,62112.0,9570366.0,2636.0,3056.0,3332.0,3878.0,4452.0,5260.0,6218.0,7716.0,,,1048576,,,,,,,,,200000000,0.235218,149.102,mirage,0,44570,mirage,0.0,,,,0.0,,,,,,,,,2445928.0,2448668.0,0.0,0.0,202.0,9.0,0.0,0.0,0.0,1.0,2.0,22.0,53.0,175.0,359.0,635.0,590.0,8.02393,0.0,0.0,201.0,13.0,0.0,0.0,0.0,1.0,2.0,18.0,51.0,192.0,414.0,607.0,549.0,7.97607,,,4894596.0,605.mcf_s-665B.champsimtrace.xz,,,,,,,,
56976199,70.1967,50961829,89.4441,6014370,10.5559,22707095,28.7237,21956661,96.6952,750434,3.30484,79683294,65.596,72918490,91.5104,6764804,8.48961,0,0.0,0,0.0,0,0.0,6014355,89.9035,2344572,38.9829,3669783,61.0171,750414,35.0123,458530,61.1036,291884,38.8964,7861821,85.8477,3899620,49.602,3962201,50.398,1097052,0.0,1096518,99.9513,534,0.0486759,3669779,125.704,2043731,55.6908,1626048,44.3092,291878,174.967,291042,99.7136,836,0.286421,4485261,125.666,2857548,63.7097,1627713,36.2903,523604,0.0,522775,99.8417,829,0.158326,44570,0.19556,,779413434,3624556.0,1785.8,0.0953834,2521.0,1431.0,3657324.0,0.0,2048.0,2048.0,2048.0,2048.0,2048.0,2048.0,2048.0,7251160.0,2048.0,2048.0,2048.0,2048.0,2048.0,2048.0,2048.0,2048.0,,,1048576,6743.0,5174.0,2620.0,2151.0,1875.0,1616.0,8016.0,4573.0,200000000,0.256603,125.666,srrip,0,44570,srrip,,3657324.0,715227.0,,,,,,,,,,,,,,,,,,,,,,,,,,,,,,,,,,,,,,,,,,,,,,,,605.mcf_s-665B.champsimtrace.xz,0.0,0.0,0.0,0.0,0.0,0.0,0.0,3657324.0
62404068,146.305,55002339,88.139,7401729,11.861,19916340,25.6121,19870872,99.7717,45468,0.228295,82320408,145.568,74873211,90.9534,7447197,9.0466,0,0.0,0,0.0,0,0.0,7401722,184.481,2333091,31.5209,5068631,68.4791,45468,67.7345,38850,85.4447,6618,14.5553,7973819,184.309,2898023,36.3442,5075796,63.6558,526629,0.0,526082,99.8961,547,0.103868,5068630,181.678,1104278,21.7865,3964352,78.2135,6618,134.84,5512,83.288,1106,16.712,5427115,181.263,1452866,26.7705,3974249,73.2295,351867,0.0,343076,97.5016,8791,2.49839,219884,0.15173,99.9914,1082046963,6994337.0,3431.2,0.000176614,3435.0,3430.0,7027105.0,0.0,2048.0,2048.0,2048.0,2048.0,2048.0,2048.0,2048.0,13990722.0,2048.0,2048.0,2048.0,2048.0,2048.0,2048.0,2048.0,2048.0,117.0,606.0,1048576,18861.0,4845.0,1322.0,2208.0,1245.0,793.0,1989.0,1505.0,200000003,0.184835,181.263,enigma,0,219884,enigma,606.0,7026499.0,1066132.0,606.0,0.00862375,606.0,1.0,0.0,0.00862375,7026499.0,0.0,5.99365,6.00635,3514653.0,3512452.0,0.0,0.0,154.0,10.0,0.0,0.0,0.0,0.0,0.0,14.0,53.0,166.0,370.0,689.0,592.0,8.00635,0.0,0.0,158.0,9.0,0.0,0.0,0.0,0.0,1.0,11.0,45.0,177.0,410.0,645.0,592.0,7.99365,0.0,0.571429,7027105.0,605.mcf_s-994B.champsimtrace.xz,0.0,0.0,0.0,0.0,0.0,0.0,0.0,7026499.0
62384010,143.173,54982291,88.1352,7401719,11.8648,19914486,28.9308,19869018,99.7717,45468,0.228316,82298496,142.476,74851309,90.951,7447187,9.049,0,0.0,0,0.0,0,0.0,7401712,179.797,2333078,31.5208,5068634,68.4792,45468,90.981,38850,85.4447,6618,14.5553,7973808,179.662,2898008,36.3441,5075800,63.6559,526628,0.0,526080,99.8959,548,0.104058,5068633,181.231,1224455,24.1575,3844178,75.8425,6618,139.207,4406,66.576,2212,33.424,5427119,178.354,1519198,27.9927,3907921,72.0073,351868,0.0,290337,82.513,61531,17.487,219884,,,1081347663,6825871.0,3348.94,0.0174588,3545.0,3170.0,6858639.0,0.0,2314.0,8932.0,11196.0,14040.0,18918.0,30542.0,64060.0,13498306.0,2634.0,3058.0,3458.0,3798.0,4528.0,5272.0,6188.0,7266.0,,,1048576,,,,,,,,,200000003,0.184954,178.354,mirage,0,219884,mirage,0.0,,,,0.0,,,,,,,,,3428478.0,3430161.0,0.0,0.0,150.0,4.0,0.0,0.0,0.0,0.0,2.0,4.0,48.0,143.0,413.0,695.0,589.0,8.01562,0.0,0.0,133.0,3.0,0.0,0.0,0.0,0.0,1.0,6.0,42.0,184.0,393.0,677.0,609.0,7.98438,,,6858639.0,605.mcf_s-994B.champsimtrace.xz,,,,,,,,
62402111,141.703,55000377,88.1386,7401734,11.8614,19916607,24.8426,19871139,99.7717,45468,0.228292,82318718,140.99,74871516,90.9532,7447202,9.04679,0,0.0,0,0.0,0,0.0,7401727,177.77,2333093,31.5209,5068634,68.4791,45468,63.6973,38850,85.4447,6618,14.5553,7973823,177.602,2898024,36.3442,5075799,63.6558,526628,0.0,526081,99.8961,547,0.103868,5068633,177.514,1091981,21.5439,3976652,78.4561,6618,132.806,5482,82.8347,1136,17.1653,5427118,177.031,1438754,26.5105,3988364,73.4895,351867,0.0,341291,96.9943,10576,3.00568,219884,0.151498,,1068222297,7026512.0,3446.91,0.0454214,3991.0,2899.0,7059280.0,0.0,2048.0,2048.0,2048.0,2048.0,2048.0,2048.0,2048.0,14055072.0,2048.0,2048.0,2048.0,2048.0,2048.0,2048.0,2048.0,2048.0,,,1048576,15499.0,2696.0,2873.0,2492.0,1716.0,1329.0,3502.0,2661.0,200000003,0.187227,177.031,srrip,0,219884,srrip,,7059280.0,1069469.0,,,,,,,,,,,,,,,,,,,,,,,,,,,,,,,,,,,,,,,,,,,,,,,,605.mcf_s-994B.champsimtrace.xz,0.0,0.0,0.0,0.0,0.0,0.0,0.0,7059280.0
19118442,362.743,18023885,94.2749,1094557,5.72514,29847277,225.175,23717879,79.4641,6129398,20.5359,48965719,246.019,41741764,85.2469,7223955,14.7531,0,0.0,0,0.0,0,0.0,1094557,346.458,0,0.0,1094557,100.0,6129398,365.144,2626903,42.8574,3502495,57.1426,13353350,360.691,8756243,65.5734,4597107,34.4266,6129395,0.0,6129340,99.9991,55,0.000897315,1094557,308.403,0,0.0,1094557,100.0,3502495,326.052,218919,6.25037,3283576,93.7496,8099602,271.211,2907390,35.8955,5192212,64.1045,3502550,0.0,2688471,76.7575,814079,23.2425,86710,0.249451,99.993,287499922,12813056.0,6272.38,0.00010824,6276.0,6271.0,12845824.0,0.0,2048.0,2048.0,2048.0,2048.0,2048.0,2048.0,2048.0,25628160.0,2048.0,2048.0,2048.0,2048.0,2048.0,2048.0,2048.0,2048.0,672.0,896.0,1048576,1958.0,3137.0,3032.0,3460.0,3921.0,4211.0,8733.0,4316.0,200000003,0.695652,257.051,enigma,0,86710,enigma,896.0,12844928.0,3204177.0,896.0,0.00697503,896.0,1.0,0.0,0.00697503,12844929.0,0.0,5.97656,6.02344,6421599.0,6424225.0,0.0,0.0,209.0,17.0,0.0,0.0,0.0,0.0,4.0,19.0,63.0,161.0,395.0,599.0,581.0,8.02344,0.0,0.0,197.0,15.0,0.0,0.0,0.0,2.0,10.0,19.0,60.0,164.0,405.0,612.0,564.0,7.97656,0.0,0.571429,12845825.0,619.lbm_s-2676B.champsimtrace.xz,0.0,0.0,0.0,0.0,0.0,0.0,0.0,12844928.0
19110064,366.376,18015507,94.2724,1094557,5.72765,29847035,227.219,23717637,79.464,6129398,20.536,48957099,248.304,41733144,85.2443,7223955,14.7557,0,0.0,0,0.0,0,0.0,1094557,350.095,0,0.0,1094557,100.0,6129398,368.73,2626903,42.8574,3502495,57.1426,13353350,364.288,8756243,65.5734,4597107,34.4266,6129395,0.0,6129340,99.9991,55,0.000897315,1094557,312.037,0,0.0,1094557,100.0,3502495,329.456,214572,6.12626,3287923,93.8737,8099602,288.232,3156470,38.9707,4943132,61.0293,3502550,0.0,2941898,83.993,560652,16.007,86710,,,289024723,12118032.0,5933.01,0.0131622,6279.0,5664.0,12150800.0,0.0,2324.0,8826.0,10806.0,14930.0,20218.0,29838.0,60374.0,24085622.0,2698.0,2940.0,3364.0,3868.0,4466.0,5332.0,5952.0,7274.0,,,1048576,,,,,,,,,200000003,0.691982,273.359,mirage,0,86710,mirage,0.0,,,,0.0,,,,,,,,,6078192.0,6072608.0,0.0,0.0,241.0,17.0,0.0,0.0,0.0,1.0,7.0,19.0,67.0,193.0,376.0,571.0,556.0,8.00439,0.0,0.0,233.0,25.0,2.0,0.0,0.0,0.0,3.0,19.0,94.0,171.0,380.0,584.0,537.0,7.99561,,,12150801.0,619.lbm_s-2676B.champsimtrace.xz,,,,,,,,
19104995,362.37,18010438,94.2708,1094557,5.72917,29847293,221.959,23717895,79.4641,6129398,20.5359,48952288,243.234,41728333,85.2429,7223955,14.7571,0,0.0,0,0.0,0,0.0,1094557,346.091,0,0.0,1094557,100.0,6129398,359.532,2626903,42.8574,3502495,57.1426,13353350,356.327,8756243,65.5734,4597107,34.4266,6129395,0.0,6129340,99.9991,55,0.000897315,1094557,312.008,0,0.0,1094557,100.0,3502495,324.284,218919,6.25037,3283576,93.7496,8099602,237.338,2174207,26.8434,5925395,73.1566,3502550,0.0,1955288,55.8247,1547262,44.1753,86710,0.183117,,287277008,14452307.0,7072.79,0.56021,12142.0,3078.0,14485075.0,0.0,2048.0,2048.0,2048.0,2048.0,2048.0,2048.0,2048.0,28906662.0,2048.0,2048.0,2048.0,2048.0,2048.0,2048.0,2048.0,2048.0,,,1048576,1998.0,1934.0,1261.0,1304.0,1272.0,980.0,13001.0,11018.0,200000003,0.696192,224.931,srrip,0,86710,srrip,,14485075.0,2652468.0,,,,,,,,,,,,,,,,,,,,,,,,,,,,,,,,,,,,,,,,,,,,,,,,619.lbm_s-2676B.champsimtrace.xz,0.0,0.0,0.0,0.0,0.0,0.0,0.0,14485075.0
18985975,508.933,16598007,87.4225,2387968,12.5775,36683028,324.195,23311685,63.549,13371343,36.451,55669003,352.188,39909692,71.691,15759311,28.309,0,0.0,0,0.0,0,0.0,2387968,492.784,80,0.00335013,2387888,99.9966,13371341,527.814,5730849,42.8592,7640492,57.1408,29130650,519.448,19101797,65.5728,10028853,34.4272,13371341,0.0,13370868,99.9965,473,0.00353742,2387888,453.708,22,0.000921316,2387866,99.9991,7640493,520.965,477643,6.25147,7162850,93.7485,17669344,425.075,6341958,35.8924,11327386,64.1076,7640963,0.0,5864293,76.7481,1776670,23.2519,151938,0.252995,99.9931,533626773,22713685.0,11106.7,8.28282e-05,11111.0,11105.0,22746453.0,0.0,2048.0,2048.0,2048.0,2048.0,2048.0,2048.0,2054.0,45429412.0,2048.0,2048.0,2048.0,2048.0,2048.0,2048.0,2048.0,2048.0,1186.0,1572.0,1048576,2074.0,4045.0,3995.0,3928.0,3435.0,3140.0,8122.0,4029.0,200000001,0.374794,425.075,enigma,0,151938,enigma,1572.0,22744881.0,5754343.0,1572.0,0.00691096,1572.0,2.0,0.0,0.00691096,22744890.0,0.0,6.00439,5.99561,11371278.0,11375175.0,0.0,0.0,224.0,24.0,0.0,0.0,0.0,2.0,4.0,27.0,61.0,191.0,372.0,595.0,548.0,7.99561,0.0,0.0,215.0,15.0,0.0,0.0,0.0,0.0,6.0,20.0,81.0,170.0,362.0,590.0,589.0,8.00439,0.0,0.571429,22746462.0,619.lbm_s-2677B.champsimtrace.xz,0.0,0.0,0.0,0.0,0.0,0.0,0.0,22744881.0
18982760,519.187,16594785,87.4203,2387975,12.5797,36679054,330.134,23307712,63.545,13371342,36.455,55661814,358.781,39902497,71.6874,15759317,28.3126,0,0.0,0,0.0,0,0.0,2387976,503.038,82,0.00343387,2387894,99.9966,13371339,538.229,5730845,42.8592,7640494,57.1408,29130657,529.826,19101806,65.5729,10028851,34.4271,13371342,0.0,13370879,99.9965,463,0.00346263,2387894,464.013,60,0.00251267,2387834,99.9975,7640494,531.43,468512,6.13196,7171982,93.868,17669342,456.086,6883246,38.9559,10786096,61.0441,7640954,0.0,6414674,83.9512,1226280,16.0488,151938,,,541246044,21548021.0,10537.5,0.00993394,10875.0,10078.0,21580789.0,0.0,2308.0,9026.0,11140.0,14116.0,19582.0,29468.0,64296.0,42943008.0,2686.0,3012.0,3400.0,3910.0,4446.0,5222.0,5992.0,7198.0,,,1048576,,,,,,,,,200000001,0.369518,456.086,mirage,0,151938,mirage,0.0,,,,0.0,,,,,,,,,10784216.0,10796573.0,0.0,0.0,204.0,22.0,0.0,0.0,0.0,4.0,2.0,25.0,76.0,164.0,351.0,599.0,601.0,8.0166,0.0,0.0,220.0,20.0,0.0,0.0,0.0,3.0,8.0,27.0,67.0,170.0,389.0,582.0,562.0,7.9834,,,21580799.0,619.lbm_s-2677B.champsimtrace.xz,,,,,,,,
18982596,504.618,16594625,87.4202,2387971,12.5798,36678249,324.426,23306906,63.5442,13371343,36.4558,55660845,351.73,39901531,71.6869,15759314,28.3131,0,0.0,0,0.0,0,0.0,2387971,488.501,83,0.00347575,2387888,99.9965,13371336,528.309,5730846,42.8592,7640490,57.1408,29130649,518.806,19101804,65.5729,10028845,34.4271,13371342,0.0,13370875,99.9965,467,0.00349254,2387888,453.281,15,0.00062817,2387873,99.9994,7640490,525.62,477644,6.25148,7162846,93.7485,17669336,375.393,4756708,26.9207,12912628,73.0793,7640958,0.0,4279049,56.0015,3361909,43.9985,151938,0.184044,,534609474,25727862.0,12578.4,0.590734,20240.0,5120.0,25760630.0,0.0,2048.0,2048.0,2048.0,2048.0,2048.0,2048.0,2048.0,51457772.0,2048.0,2048.0,2048.0,2048.0,2048.0,2048.0,2048.0,2048.0,,,1048576,2211.0,2090.0,1111.0,1270.0,1188.0,1228.0,11142.0,12528.0,200000001,0.374105,375.393,srrip,0,151938,srrip,,25760634.0,4741088.0,,,,,,,,,,,,,,,,,,,,,,,,,,,,,,,,,,,,,,,,,,,,,,,,619.lbm_s-2677B.champsimtrace.xz,0.0,0.0,0.0,0.0,0.0,0.0,0.0,25760634.0
18988837,508.16,16610808,87.4767,2378029,12.5233,36631771,323.142,23315766,63.649,13316005,36.351,55620608,351.177,39926574,71.7838,15694034,28.2162,0,0.0,0,0.0,0,0.0,2378029,492.004,32,0.00134565,2377997,99.9987,13316003,536.305,5707057,42.8586,7608946,57.1414,29010036,525.734,19022666,65.5727,9987370,34.4273,13316004,0.0,13315577,99.9968,427,0.00320667,2377997,452.939,13,0.000546679,2377984,99.9995,7608946,530.033,475652,6.25122,7133294,93.7488,17596317,430.616,6314883,35.8875,11281434,64.1125,7609374,0.0,5839218,76.7372,1770156,23.2628,127856,0.254254,99.9929,531645233,18988884.0,9287.92,0.000100813,9292.0,9287.0,19021652.0,0.0,2048.0,2048.0,2048.0,2048.0,2048.0,2048.0,2056.0,37979808.0,2048.0,2048.0,2048.0,2048.0,2048.0,2048.0,2048.0,2048.0,1047.0,1358.0,1048576,1757.0,3127.0,3533.0,4111.0,4124.0,3966.0,8267.0,3883.0,200000003,0.376191,424.084,enigma,0,127856,enigma,1358.0,19020294.0,4835991.0,1358.0,0.00713923,1358.0,1.0,0.0,0.00713923,19020295.0,0.0,6.00195,5.99805,9508539.0,9513113.0,0.0,0.0,225.0,18.0,0.0,0.0,0.0,2.0,9.0,16.0,60.0,186.0,398.0,571.0,563.0,7.99805,0.0,0.0,223.0,9.0,0.0,0.0,0.0,2.0,3.0,26.0,68.0,170.0,353.0,635.0,559.0,8.00195,0.0,0.571429,19021653.0,619.lbm_s-3766B.champsimtrace.xz,0.0,0.0,0.0,0.0,0.0,0.0,0.0,19020294.0
18984698,518.533,16606674,87.474,2378024,12.526,36628064,329.06,23312064,63.6454,13316000,36.3546,55612762,357.77,39918738,71.7798,15694024,28.2202,0,0.0,0,0.0,0,0.0,2378024,502.378,32,0.00134566,2377992,99.9987,13315994,546.663,5707049,42.8586,7608945,57.1414,29010017,536.095,19022653,65.5727,9987364,34.4273,13315999,0.0,13315572,99.9968,427,0.00320667,2377992,463.344,31,0.00130362,2377961,99.9987,7608945,540.431,466547,6.13156,7142398,93.8684,17596310,461.939,6855082,38.9575,10741228,61.0425,7609373,0.0,6388504,83.9557,1220869,16.0443,127856,,,539299989,18036498.0,8822.88,0.0107474,9134.0,8460.0,18069266.0,0.0,2300.0,8884.0,10952.0,14128.0,19912.0,30732.0,63928.0,35918878.0,2716.0,2948.0,3420.0,3916.0,4490.0,5208.0,6102.0,7250.0,,,1048576,,,,,,,,,200000003,0.370851,455.078,mirage,0,127856,mirage,0.0,,,,0.0,,,,,,,,,9033579.0,9035687.0,0.0,0.0,219.0,13.0,0.0,0.0,0.0,1.0,4.0,17.0,53.0,180.0,373.0,605.0,583.0,8.03613,0.0,1.0,205.0,24.0,0.0,0.0,0.0,1.0,7.0,19.0,55.0,199.0,406.0,594.0,537.0,7.96387,,,18069267.0,619.lbm_s-3766B.champsimtrace.xz,,,,,,,,
18986859,503.286,16608829,87.4754,2378030,12.5246,36628029,323.355,23312031,63.6453,13315998,36.3547,55614888,350.619,39920860,71.7809,15694028,28.2191,0,0.0,0,0.0,0,0.0,2378030,487.161,28,0.00117745,2378002,99.9988,13315994,536.742,5707047,42.8586,7608947,57.1414,29010021,524.914,19022648,65.5727,9987373,34.4273,13315997,0.0,13315573,99.9968,424,0.00318414,2378002,451.931,8,0.000336417,2377994,99.9997,7608947,534.627,475654,6.25125,7133293,93.7488,17596321,380.135,4736831,26.9194,12859490,73.0806,7609372,0.0,4261169,55.999,3348203,44.001,127856,0.184006,,532462105,21570270.0,10548.4,0.598907,17241.0,4090.0,21603038.0,0.0,2048.0,2048.0,2048.0,2048.0,2048.0,2048.0,2048.0,43142588.0,2048.0,2048.0,2048.0,2048.0,2048.0,2048.0,2048.0,2048.0,,,1048576,2134.0,1693.0,881.0,711.0,1058.0,1383.0,13824.0,11084.0,200000003,0.375614,374.405,srrip,0,127856,srrip,,21603038.0,3975099.0,,,,,,,,,,,,,,,,,,,,,,,,,,,,,,,,,,,,,,,,,,,,,,,,619.lbm_s-3766B.champsimtrace.xz,0.0,0.0,0.0,0.0,0.0,0.0,0.0,21603038.0
18964778,510.83,16598210,87.5212,2366568,12.4788,36571859,316.845,23320825,63.7671,13251034,36.2329,55536637,346.24,39919035,71.8787,15617602,28.1213,0,0.0,0,0.0,0,0.0,2366568,494.632,131,0.00553544,2366437,99.9945,13251032,525.221,5678949,42.8567,7572083,57.1433,28868637,517.916,18929710,65.5719,9938927,34.4281,13251037,0.0,13250630,99.9969,407,0.00307146,2366437,455.537,0,0.0,2366437,100.0,7572082,518.241,473585,6.25436,7098497,93.7456,17510890,423.772,6286149,35.8985,11224741,64.1015,7572371,0.0,5812564,76.7602,1759807,23.2398,151495,0.254187,99.9926,532177982,22599754.0,11051.0,8.87342e-05,11055.0,11050.0,22632522.0,0.0,2048.0,2048.0,2048.0,2048.0,2048.0,2048.0,2056.0,45201548.0,2048.0,2048.0,2048.0,2048.0,2048.0,2048.0,2048.0,2048.0,1295.0,1669.0,1048576,1982.0,3834.0,4131.0,4151.0,3812.0,3462.0,7722.0,3674.0,200000000,0.375814,423.772,enigma,0,151495,enigma,1669.0,22630853.0,5752465.0,1669.0,0.00737434,1669.0,1.0,0.0,0.00737434,22630854.0,0.0,6.0083,5.9917,11315294.0,11317228.0,0.0,0.0,204.0,16.0,0.0,0.0,0.0,0.0,7.0,22.0,66.0,189.0,378.0,562.0,604.0,7.9917,0.0,1.0,226.0,25.0,0.0,0.0,0.0,4.0,6.0,15.0,65.0,178.0,403.0,560.0,565.0,8.0083,0.0,0.571429,22632523.0,619.lbm_s-4268B.champsimtrace.xz,0.0,0.0,0.0,0.0,0.0,0.0,0.0,22630853.0
18961317,521.375,16594751,87.519,2366566,12.481,36568458,322.709,23317425,63.7638,13251033,36.2362,55529775,352.814,39912176,71.8753,15617599,28.1247,0,0.0,0,0.0,0,0.0,2366566,505.184,125,0.00528191,2366441,99.9947,13251031,535.485,5678952,42.8567,7572079,57.1433,28868633,528.248,18929705,65.5719,9938928,34.4281,13251036,0.0,13250628,99.9969,408,0.003079,2366441,466.145,55,0.00232417,2366386,99.9977,7572079,528.541,464527,6.13474,7107552,93.8653,17510894,454.723,6823693,38.9683,10687201,61.0317,7572374,0.0,6359111,83.9778,1213263,16.0222,151495,,,539694935,21458473.0,10493.8,0.00950949,10813.0,10170.0,21491241.0,0.0,2332.0,8850.0,10986.0,14620.0,20448.0,30988.0,63896.0,42761648.0,2566.0,2990.0,3494.0,3996.0,4510.0,5110.0,6184.0,7096.0,,,1048576,,,,,,,,,200000000,0.37058,454.723,mirage,0,151495,mirage,0.0,,,,0.0,,,,,,,,,10746130.0,10745111.0,0.0,0.0,219.0,24.0,0.0,0.0,0.0,1.0,7.0,26.0,74.0,171.0,369.0,599.0,558.0,7.99512,0.0,0.0,234.0,16.0,0.0,0.0,0.0,1.0,7.0,19.0,77.0,180.0,349.0,614.0,551.0,8.00488,,,21491242.0,619.lbm_s-4268B.champsimtrace.xz,,,,,,,,
18959938,505.445,16593367,87.518,2366571,12.482,36567736,317.371,23316681,63.763,13251055,36.237,55527674,345.87,39910048,71.8742,15617626,28.1258,0,0.0,0,0.0,0,0.0,2366571,489.295,129,0.00545092,2366442,99.9945,13251046,526.224,5678953,42.8566,7572093,57.1434,28868675,517.409,18929714,65.5718,9938961,34.4282,13251058,0.0,13250632,99.9968,426,0.00321484,2366442,454.126,277,0.0117053,2366165,99.9883,7572093,523.443,473599,6.25453,7098494,93.7455,17510940,374.274,4712307,26.9106,12798633,73.0894,7572405,0.0,4238431,55.9721,3333974,44.0279,151495,0.184049,,532616534,25653760.0,12542.2,0.610408,21922.0,4732.0,25686528.0,0.0,2048.0,2048.0,2048.0,2048.0,2048.0,2048.0,2048.0,51309568.0,2048.0,2048.0,2048.0,2048.0,2048.0,2048.0,2048.0,2048.0,,,1048576,1997.0,1469.0,1204.0,1491.0,1599.0,948.0,12971.0,11089.0,200000000,0.375505,374.274,srrip,0,151495,srrip,,25686559.0,4727598.0,,,,,,,,,,,,,,,,,,,,,,,,,,,,,,,,,,,,,,,,,,,,,,,,619.lbm_s-4268B.champsimtrace.xz,0.0,0.0,0.0,0.0,0.0,0.0,0.0,25686559.0
52920630,145.377,49691840,93.8988,3228790,6.10119,36149570,129.04,35683480,98.7107,466090,1.28934,89070200,143.316,85375320,95.8517,3694880,4.14828,0,0.0,0,0.0,0,0.0,3354505,173.751,1004619,29.9484,2349886,70.0516,466078,141.925,104383,22.396,361695,77.604,5627466,169.341,2913250,51.7684,2714216,48.2316,1806883,0.0,1804248,99.8542,2635,0.145831,2349883,171.469,535473,22.7872,1814410,77.2128,361695,177.246,158996,43.9586,202699,56.0414,4039055,156.274,1818319,45.0184,2220736,54.9816,1327477,0.0,1123850,84.6606,203627,15.3394,54306,0.233911,99.993,945035020,4495731.0,2211.18,0.000192172,2214.0,2211.0,4528499.0,0.0,2048.0,2048.0,2048.0,2048.0,2048.0,2048.0,2048.0,8993510.0,2048.0,2048.0,2048.0,2048.0,2048.0,2048.0,2048.0,2048.0,209.0,316.0,1048576,3351.0,4308.0,3332.0,2970.0,2881.0,2978.0,8382.0,4566.0,200000003,0.211632,156.274,enigma,0,54306,enigma,316.0,4528183.0,1059190.0,316.0,0.00697803,316.0,1.0,0.0,0.00697803,4528183.0,0.0,6.0,6.0,2265126.0,2263373.0,0.0,1.0,218.0,13.0,0.0,0.0,0.0,0.0,4.0,13.0,63.0,197.0,369.0,614.0,556.0,8.0,0.0,0.0,221.0,21.0,0.0,0.0,0.0,0.0,5.0,16.0,67.0,193.0,392.0,570.0,563.0,8.0,0.0,0.571429,4528499.0,620.omnetpp_s-141B.champsimtrace.xz,0.0,0.0,0.0,0.0,0.0,0.0,0.0,4528183.0
52907038,149.624,49678125,93.897,3228913,6.10299,36138610,138.005,35672645,98.7106,465965,1.28938,89045648,148.159,85350770,95.8506,3694878,4.14942,0,0.0,0,0.0,0,0.0,3354627,180.047,1004631,29.9476,2349996,70.0524,465954,153.663,104381,22.4016,361573,77.5984,5627408,176.358,2913209,51.7682,2714199,48.2318,1806827,0.0,1804197,99.8544,2630,0.145559,2349993,172.59,454244,19.3296,1895749,80.6704,361573,177.663,134989,37.3338,226584,62.6662,4038977,153.907,1651537,40.89,2387440,59.11,1327411,0.0,1062304,80.0283,265107,19.9717,54306,,,952356654,4804174.0,2361.79,0.0208274,2523.0,2196.0,4836942.0,0.0,2288.0,8852.0,10666.0,14354.0,20522.0,30780.0,62050.0,9455250.0,2648.0,3004.0,3466.0,4052.0,4546.0,5298.0,6092.0,7248.0,,,1048576,,,,,,,,,200000003,0.210005,153.907,mirage,0,54306,mirage,0.0,,,,0.0,,,,,,,,,2419415.0,2417527.0,0.0,0.0,205.0,15.0,0.0,0.0,0.0,1.0,2.0,18.0,65.0,193.0,390.0,580.0,579.0,7.98779,0.0,0.0,212.0,27.0,0.0,0.0,0.0,2.0,6.0,24.0,72.0,167.0,366.0,598.0,574.0,8.01221,,,4836942.0,620.omnetpp_s-141B.champsimtrace.xz,,,,,,,,
52938483,142.237,49709681,93.9008,3228802,6.09916,36147649,126.761,35681572,98.7106,466077,1.28937,89086132,140.285,85391253,95.8525,3694879,4.14754,0,0.0,0,0.0,0,0.0,3354524,169.439,1004579,29.947,2349945,70.053,466065,138.931,104444,22.4097,361621,77.5903,5627478,165.21,2913282,51.7689,2714196,48.2311,1806889,0.0,1804259,99.8544,2630,0.145554,2349942,168.757,510508,21.7243,1839434,78.2757,361621,173.685,152985,42.3053,208636,57.6947,4039031,149.153,1714880,42.4577,2324151,57.5423,1327468,0.0,1051387,79.2024,276081,20.7976,54306,0.217712,,939812425,4693757.0,2307.87,0.0955868,3155.0,1650.0,4726525.0,0.0,2048.0,2048.0,2048.0,2048.0,2048.0,2048.0,2048.0,9389562.0,2048.0,2048.0,2048.0,2048.0,2048.0,2048.0,2048.0,2048.0,,,1048576,3787.0,4098.0,3117.0,2663.0,2772.0,2782.0,8587.0,4962.0,200000003,0.212808,149.153,srrip,0,54306,srrip,,4726525.0,1029020.0,,,,,,,,,,,,,,,,,,,,,,,,,,,,,,,,,,,,,,,,,,,,,,,,620.omnetpp_s-141B.champsimtrace.xz,0.0,0.0,0.0,0.0,0.0,0.0,0.0,4726525.0
51634695,133.667,48456521,93.8449,3178174,6.15511,36254258,106.313,35766055,98.6534,488203,1.34661,87888953,130.025,84222576,95.8284,3666377,4.1716,0,0.0,0,0.0,0,0.0,3256561,171.899,1125462,34.5598,2131099,65.4402,488196,135.955,173773,35.5949,314423,64.4051,5556842,167.136,3109238,55.9533,2447604,44.0467,1812085,0.0,1810003,99.8851,2082,0.114895,2131098,169.807,493343,23.1497,1637755,76.8503,314423,176.387,148399,47.1972,166024,52.8028,3658084,153.584,1656664,45.2878,2001420,54.7122,1212563,0.0,1014922,83.7006,197641,16.2994,48109,0.230603,99.9918,894406837,3976376.0,1957.59,0.000325097,1961.0,1957.0,4009144.0,0.0,2048.0,2048.0,2048.0,2048.0,2048.0,2048.0,2048.0,7954800.0,2048.0,2048.0,2048.0,2048.0,2048.0,2048.0,2048.0,2048.0,215.0,328.0,1048576,3475.0,4809.0,3622.0,2945.0,2749.0,2696.0,8156.0,4316.0,200000000,0.223612,153.584,enigma,0,48109,enigma,328.0,4008816.0,924447.0,328.0,0.0081813,328.0,1.0,0.0,0.0081813,4008816.0,0.0,6.00781,5.99219,2004262.0,2004882.0,0.0,0.0,233.0,21.0,0.0,0.0,0.0,0.0,7.0,29.0,66.0,176.0,385.0,590.0,541.0,7.99219,0.0,0.0,231.0,18.0,0.0,0.0,0.0,1.0,3.0,10.0,69.0,188.0,396.0,592.0,540.0,8.00781,0.0,0.571429,4009144.0,620.omnetpp_s-874B.champsimtrace.xz,0.0,0.0,0.0,0.0,0.0,0.0,0.0,4008816.0
51621576,137.37,48443343,93.8432,3178233,6.15679,36257571,112.809,35769426,98.6537,488145,1.34633,87879147,134.1,84212769,95.8279,3666378,4.17207,0,0.0,0,0.0,0,0.0,3256624,177.762,1125446,34.5587,2131178,65.4413,488139,146.244,173727,35.5897,314412,64.4103,5556831,173.562,3109156,55.952,2447675,44.048,1812068,0.0,1809983,99.8849,2085,0.115062,2131177,171.206,429074,20.1332,1702103,79.8668,314412,176.983,130183,41.4052,184229,58.5948,3658167,151.956,1525866,41.7112,2132301,58.2888,1212578,0.0,966609,79.7152,245969,20.2848,48109,,,901013424,4246724.0,2089.6,0.0214438,2247.0,1920.0,4279492.0,0.0,2322.0,9192.0,11136.0,14716.0,19478.0,31030.0,64666.0,8337842.0,2616.0,3032.0,3402.0,3884.0,4492.0,5258.0,6088.0,7062.0,,,1048576,,,,,,,,,200000000,0.221972,151.956,mirage,0,48109,mirage,0.0,,,,0.0,,,,,,,,,2140066.0,2139426.0,0.0,0.0,225.0,17.0,0.0,0.0,0.0,0.0,2.0,36.0,57.0,168.0,396.0,607.0,540.0,7.99219,0.0,0.0,223.0,17.0,0.0,0.0,0.0,2.0,7.0,21.0,71.0,159.0,382.0,603.0,563.0,8.00781,,,4279492.0,620.omnetpp_s-874B.champsimtrace.xz,,,,,,,,
51658045,130.629,48480370,93.8486,3177675,6.15137,36253369,104.443,35764668,98.652,488701,1.34802,87911414,127.138,84245038,95.8295,3666376,4.17053,0,0.0,0,0.0,0,0.0,3256061,167.353,1124909,34.5482,2131152,65.4518,488695,133.071,174223,35.6507,314472,64.3493,5556853,162.806,3109145,55.9515,2447708,44.0485,1812097,0.0,1810013,99.885,2084,0.115005,2131151,167.058,473986,22.2408,1657165,77.7592,314472,172.958,143238,45.5487,171234,54.4513,3658244,147.116,1575130,43.057,2083114,56.943,1212621,0.0,957906,78.9947,254715,21.0053,48109,0.216927,,889435943,4139147.0,2037.07,0.105353,3034.0,1353.0,4171915.0,0.0,2048.0,2048.0,2048.0,2048.0,2048.0,2048.0,2048.0,8280342.0,2048.0,2048.0,2048.0,2048.0,2048.0,2048.0,2048.0,2048.0,,,1048576,4102.0,4281.0,3317.0,2881.0,2577.0,2578.0,8228.0,4804.0,200000000,0.224862,147.116,srrip,0,48109,srrip,,4171915.0,905001.0,,,,,,,,,,,,,,,,,,,,,,,,,,,,,,,,,,,,,,,,,,,,,,,,620.omnetpp_s-874B.champsimtrace.xz,0.0,0.0,0.0,0.0,0.0,0.0,0.0,4171915.0
38397273,182.141,35088058,91.3816,3309215,8.61836,8180255,276.494,7605923,92.979,574332,7.02095,46577528,196.095,42693981,91.6622,3883547,8.33781,0,0.0,0,0.0,0,0.0,3315717,230.875,924490,27.8821,2391227,72.1179,574324,354.291,151419,26.3647,422905,73.6353,5162136,249.281,2346407,45.4542,2815729,54.5458,1272095,0.0,1270498,99.8745,1597,0.125541,2391227,219.811,296400,12.3953,2094827,87.6047,422905,321.219,8079,1.91036,414826,98.0896,3803622,215.718,1051338,27.6404,2752284,72.3596,989490,0.0,746859,75.4792,242631,24.5208,10640,0.180141,99.992,348074135,5432945.0,2668.81,0.000751831,2674.0,2661.0,5465713.0,0.0,2048.0,2048.0,2048.0,2048.0,2048.0,2048.0,2048.0,10867938.0,2048.0,2048.0,2048.0,2048.0,2048.0,2048.0,2048.0,2048.0,279.0,437.0,1048576,1516.0,3258.0,2947.0,2292.0,1899.0,1793.0,11124.0,7939.0,200000002,0.57459,215.718,enigma,0,10640,enigma,437.0,5470846.0,985521.0,437.0,0.00798716,437.0,1.0,0.0,0.00798716,5470846.0,0.0,6.02295,5.97705,2733714.0,2731999.0,0.0,0.0,222.0,23.0,0.0,0.0,0.0,1.0,10.0,18.0,80.0,186.0,391.0,546.0,571.0,7.97705,0.0,0.0,234.0,21.0,0.0,0.0,0.0,2.0,4.0,29.0,65.0,174.0,365.0,582.0,572.0,8.02295,0.0,0.571429,5471283.0,621.wrf_s-6673B.champsimtrace.xz,0.0,0.0,0.0,0.0,0.0,0.0,0.0,5470846.0
38421148,182.831,35112276,91.3879,3308872,8.61211,8181544,279.187,7607206,92.9801,574338,7.01992,46602692,197.082,42719482,91.6674,3883210,8.33259,0,0.0,0,0.0,0,0.0,3315382,231.829,924154,27.8747,2391228,72.1253,574332,357.945,151424,26.3652,422908,73.6348,5161805,250.639,2346071,45.4506,2815734,54.5494,1272091,0.0,1270493,99.8744,1598,0.12562,2391228,222.695,313345,13.1039,2077883,86.8961,422908,323.296,5984,1.41496,416924,98.585,3803626,220.086,1088666,28.6218,2714960,71.3782,989490,0.0,769337,77.7509,220153,22.2491,10640,,,346977686,5566646.0,2734.09,0.0189048,2925.0,2555.0,5599414.0,0.0,2334.0,9046.0,10878.0,14510.0,19660.0,30542.0,60936.0,10982112.0,2660.0,2978.0,3308.0,3922.0,4518.0,5156.0,6010.0,7490.0,,,1048576,,,,,,,,,200000002,0.576406,220.086,mirage,0,10640,mirage,0.0,,,,0.0,,,,,,,,,2800205.0,2799209.0,0.0,0.0,188.0,18.0,0.0,0.0,0.0,0.0,6.0,11.0,70.0,170.0,385.0,594.0,606.0,8.01318,0.0,0.0,213.0,20.0,0.0,0.0,0.0,1.0,8.0,22.0,74.0,168.0,375.0,613.0,554.0,7.98682,,,5599500.0,621.wrf_s-6673B.champsimtrace.xz,,,,,,,,
38398300,176.816,35089102,91.3819,3309198,8.61808,8187007,277.884,7612669,92.9848,574338,7.01524,46585307,191.763,42701771,91.6636,3883536,8.3364,0,0.0,0,0.0,0,0.0,3315707,223.495,924482,27.8819,2391225,72.1181,574327,356.176,151417,26.3642,422910,73.6358,5162127,243.296,2346395,45.454,2815732,54.546,1272093,0.0,1270496,99.8745,1597,0.125541,2391225,216.761,304242,12.7233,2086983,87.2767,422910,327.495,8402,1.98671,414508,98.0133,3803624,212.365,1034208,27.1901,2769416,72.8099,989489,0.0,721564,72.9229,267925,27.0771,10640,0.175417,,341139492,5460901.0,2682.46,0.0348205,2963.0,2405.0,5493669.0,0.0,2048.0,2048.0,2048.0,2048.0,2048.0,2048.0,2048.0,10923850.0,2048.0,2048.0,2048.0,2048.0,2048.0,2048.0,2048.0,2048.0,,,1048576,1597.0,3018.0,2837.0,2549.0,2364.0,1866.0,10821.0,7716.0,200000002,0.58627,212.365,srrip,0,10640,srrip,,5496003.0,964094.0,,,,,,,,,,,,,,,,,,,,,,,,,,,,,,,,,,,,,,,,,,,,,,,,621.wrf_s-6673B.champsimtrace.xz,0.0,0.0,0.0,0.0,0.0,0.0,0.0,5496003.0
39637357,184.888,36020382,90.8748,3616975,9.12517,8146158,209.243,7555001,92.7431,591157,7.25688,47783515,188.309,43575383,91.1933,4208132,8.80666,0,0.0,0,0.0,0,0.0,3623772,227.418,927173,25.5859,2696599,74.4141,591147,262.718,155187,26.2518,435960,73.7482,5653380,232.193,2518968,44.5568,3134412,55.4432,1438461,0.0,1436608,99.8712,1853,0.128818,2696599,230.49,483287,17.9221,2213312,82.0779,435960,265.103,68234,15.6514,367726,84.3486,4289688,214.443,1456151,33.9454,2833537,66.0546,1157129,0.0,904630,78.1788,252499,21.8212,10906,0.188731,99.9925,342628626,4674966.0,2298.7,0.000317881,2302.0,2296.0,4707734.0,0.0,2048.0,2048.0,2048.0,2048.0,2048.0,2048.0,2048.0,9351980.0,2048.0,2048.0,2048.0,2048.0,2048.0,2048.0,2048.0,2048.0,218.0,352.0,1048576,8583.0,2636.0,435.0,87.0,147.0,714.0,11717.0,8449.0,200000002,0.583722,214.443,enigma,0,10906,enigma,352.0,4707632.0,888474.0,352.0,0.00747666,352.0,1.0,0.0,0.00747666,4707632.0,0.0,5.99072,6.00928,2352009.0,2355725.0,0.0,0.0,202.0,11.0,0.0,0.0,0.0,0.0,4.0,11.0,60.0,180.0,379.0,636.0,565.0,8.00928,0.0,0.0,189.0,9.0,0.0,0.0,0.0,1.0,5.0,12.0,70.0,177.0,359.0,648.0,578.0,7.99072,0.0,0.571429,4707984.0,621.wrf_s-8065B.champsimtrace.xz,0.0,0.0,0.0,0.0,0.0,0.0,0.0,4707632.0
39652609,191.294,36035910,90.879,3616699,9.12096,8150524,239.483,7559366,92.747,591158,7.25301,47803133,198.064,43595276,91.1975,4207857,8.80247,0,0.0,0,0.0,0,0.0,3623491,236.012,926887,25.5799,2696604,74.4201,591151,303.719,155190,26.2522,435961,73.7478,5653103,245.289,2518679,44.5539,3134424,55.4461,1438461,0.0,1436602,99.8708,1859,0.129235,2696604,232.287,400515,14.8526,2296089,85.1474,435961,292.805,41838,9.59673,394123,90.4033,4289697,220.805,1351574,31.5074,2938123,68.4926,1157132,0.0,909221,78.5754,247911,21.4246,10906,,,349382219,4796228.0,2357.91,0.0210454,2538.0,2208.0,4828996.0,0.0,2310.0,9012.0,11128.0,14848.0,20554.0,29958.0,64216.0,9437098.0,2576.0,3036.0,3362.0,3866.0,4426.0,5258.0,6406.0,7170.0,,,1048576,,,,,,,,,200000002,0.572439,220.805,mirage,0,10906,mirage,0.0,,,,0.0,,,,,,,,,2414989.0,2414007.0,0.0,0.0,193.0,14.0,0.0,0.0,0.0,1.0,6.0,16.0,56.0,145.0,413.0,656.0,548.0,8.00244,0.0,0.0,165.0,15.0,0.0,0.0,0.0,1.0,0.0,21.0,50.0,153.0,432.0,613.0,598.0,7.99756,,,4828996.0,621.wrf_s-8065B.champsimtrace.xz,,,,,,,,
39637421,179.593,36020554,90.8751,3616867,9.12488,8159056,201.999,7567900,92.7546,591156,7.2454,47796477,182.741,43588454,91.196,4208023,8.80404,0,0.0,0,0.0,0,0.0,3623657,220.295,927060,25.5835,2696597,74.4165,591147,252.892,155187,26.2518,435960,73.7482,5653267,224.698,2518855,44.5557,3134412,55.4443,1438463,0.0,1436608,99.871,1855,0.128957,2696597,227.101,487376,18.0737,2209221,81.9263,435960,259.282,69821,16.0155,366139,83.9845,4289688,209.692,1444325,33.6697,2845363,66.3303,1157131,0.0,887128,76.6662,270003,23.3338,10906,0.185441,,335296948,4685089.0,2303.64,0.0373469,2599.0,2052.0,4717857.0,0.0,2048.0,2048.0,2048.0,2048.0,2048.0,2048.0,2048.0,9372226.0,2048.0,2048.0,2048.0,2048.0,2048.0,2048.0,2048.0,2048.0,,,1048576,10507.0,1807.0,43.0,5.0,3.0,254.0,11911.0,8238.0,200000002,0.596486,209.692,srrip,0,10906,srrip,,4718585.0,875020.0,,,,,,,,,,,,,,,,,,,,,,,,,,,,,,,,,,,,,,,,,,,,,,,,621.wrf_s-8065B.champsimtrace.xz,0.0,0.0,0.0,0.0,0.0,0.0,0.0,4718585.0
33074637,26.3885,28192894,85.2402,4881743,14.7598,3931983,99.6878,3918805,99.6649,13178,0.335149,37006620,26.5858,32111699,86.7729,4894921,13.2271,0,0.0,0,0.0,0,0.0,4881835,79.796,4196063,85.9526,685772,14.0474,13178,139.13,5175,39.27,8003,60.73,4913955,80.4804,4220179,85.8815,693776,14.1185,18942,0.0,18941,99.9947,1,0.00527927,685772,87.4206,357998,52.2036,327774,47.7964,8003,101.778,59,0.737224,7944,99.2628,697741,87.76,362022,51.8849,335719,48.1151,3966,0.0,3965,99.9748,1,0.0252143,2191,0.0630804,99.9999,384230218,4070202.0,2003.4,0.000245362,2005.0,2003.0,4102970.0,0.0,2048.0,2048.0,2048.0,2048.0,2048.0,2048.0,2048.0,8142452.0,2048.0,2048.0,2048.0,2048.0,2048.0,2048.0,2048.0,2048.0,0.0,3.0,1048576,3893.0,595.0,0.0,0.0,1.0,1.0,8125.0,20153.0,200000000,0.520521,87.76,enigma,0,2191,enigma,3.0,4102967.0,258817.0,3.0,7.31178e-05,3.0,1.0,0.0,7.31178e-05,4102967.0,0.0,5.98389,6.01611,2052588.0,2050382.0,0.0,1.0,288.0,46.0,0.0,0.0,0.0,4.0,13.0,36.0,74.0,205.0,340.0,510.0,531.0,8.01611,0.0,0.0,286.0,43.0,0.0,0.0,0.0,7.0,15.0,42.0,87.0,204.0,341.0,462.0,561.0,7.98389,0.0,0.571429,4102970.0,623.xalancbmk_s-165B.champsimtrace.xz,0.0,0.0,0.0,0.0,0.0,0.0,0.0,4102967.0
33074739,21.6119,28192996,85.2403,4881743,14.7597,3931761,101.793,3918583,99.6648,13178,0.335168,37006500,21.8278,32111579,86.7728,4894921,13.2272,0,0.0,0,0.0,0,0.0,4881835,45.781,4196063,85.9526,685772,14.0474,13178,142.608,5175,39.27,8003,60.73,4913955,46.8979,4220179,85.8815,693776,14.1185,18942,0.0,18941,99.9947,1,0.00527927,685772,95.8427,630182,91.8938,55590,8.10619,8003,105.157,48,0.599775,7955,99.4002,697741,96.0608,633569,90.8029,64172,9.19711,3966,0.0,3339,84.1906,627,15.8094,2191,,,371507585,593158.0,305.628,0.0559276,378.0,250.0,625926.0,0.0,2300.0,9086.0,11156.0,14864.0,19818.0,30826.0,62316.0,1032682.0,2648.0,3040.0,3406.0,3842.0,4358.0,5278.0,6192.0,7272.0,,,1048576,,,,,,,,,200000000,0.538347,96.0608,mirage,0,2191,mirage,0.0,,,,0.0,,,,,,,,,313791.0,312135.0,0.0,0.0,194.0,16.0,0.0,0.0,0.0,0.0,3.0,20.0,66.0,168.0,394.0,614.0,573.0,7.99316,0.0,0.0,211.0,16.0,0.0,0.0,0.0,0.0,4.0,15.0,60.0,190.0,386.0,596.0,570.0,8.00684,,,625926.0,623.xalancbmk_s-165B.champsimtrace.xz,,,,,,,,
33074747,23.7803,28193004,85.2403,4881743,14.7597,3932081,95.0548,3918903,99.6649,13178,0.335141,37006828,23.9722,32111907,86.7729,4894921,13.2271,0,0.0,0,0.0,0,0.0,4881835,61.2235,4196063,85.9526,685772,14.0474,13178,131.5,5175,39.27,8003,60.73,4913955,62.0341,4220179,85.8815,693776,14.1185,18942,0.0,18941,99.9947,1,0.00527927,685772,83.9384,463462,67.5825,222310,32.4175,8003,98.1159,59,0.737224,7944,99.2628,697741,84.2545,467014,66.9323,230727,33.0677,3966,0.0,3493,88.0736,473,11.9264,2191,0.0707617,,377070622,2697508.0,1333.14,0.740737,2376.0,18.0,2730276.0,0.0,2048.0,2048.0,2048.0,2048.0,2048.0,2048.0,2048.0,5397064.0,2048.0,2048.0,2048.0,2048.0,2048.0,2048.0,2048.0,2048.0,,,1048576,3877.0,327.0,54.0,206.0,245.0,478.0,12846.0,14735.0,200000000,0.530405,84.2545,srrip,0,2191,srrip,,2730276.0,193199.0,,,,,,,,,,,,,,,,,,,,,,,,,,,,,,,,,,,,,,,,,,,,,,,,623.xalancbmk_s-165B.champsimtrace.xz,0.0,0.0,0.0,0.0,0.0,0.0,0.0,2730276.0
32581379,95.7242,27556451,84.5773,5024928,15.4227,3540229,0.0,3540229,100.0,0,0.0,36121608,95.7242,31096680,86.0889,5024928,13.9111,0,0.0,0,0.0,0,0.0,5024928,81.2562,40808,0.812111,4984120,99.1879,0,0.0,0,0.0,0,0.0,5025071,81.2562,40951,0.814934,4984120,99.1851,143,0.0,143,100.0,0,0.0,4984120,87.151,2510357,50.3671,2473763,49.6329,0,0.0,0,0.0,0,0.0,4984251,87.151,2510488,50.3684,2473763,49.6316,131,0.0,131,100.0,0,0.0,1596,0.220142,99.996,582547531,5039119.0,2476.51,0.000231627,2479.0,2476.0,5071887.0,0.0,2048.0,2048.0,2048.0,2048.0,2048.0,2048.0,2048.0,10080286.0,2048.0,2048.0,2048.0,2048.0,2048.0,2048.0,2048.0,2048.0,0.0,201.0,1048576,0.0,1.0,3112.0,986.0,2644.0,1570.0,12285.0,12170.0,200000001,0.34332,87.151,enigma,0,1596,enigma,201.0,5071686.0,1116490.0,201.0,0.00396302,201.0,1.0,0.0,0.00396302,5071686.0,0.0,6.00684,5.99316,2539511.0,2532376.0,0.0,0.0,221.0,17.0,0.0,0.0,0.0,1.0,4.0,21.0,75.0,188.0,378.0,561.0,582.0,7.99316,0.0,0.0,226.0,23.0,0.0,0.0,0.0,1.0,4.0,28.0,82.0,168.0,369.0,565.0,582.0,8.00684,0.0,0.571429,5071887.0,623.xalancbmk_s-202B.champsimtrace.xz,0.0,0.0,0.0,0.0,0.0,0.0,0.0,5071686.0
32581376,102.883,27556448,84.5773,5024928,15.4227,3540229,0.0,3540229,100.0,0,0.0,36121605,102.883,31096677,86.0889,5024928,13.9111,0,0.0,0,0.0,0,0.0,5024928,88.4904,40808,0.812111,4984120,99.1879,0,0.0,0,0.0,0,0.0,5025071,88.4904,40951,0.814934,4984120,99.1851,143,0.0,143,100.0,0,0.0,4984120,86.4025,2071644,41.5649,2912476,58.4351,0,0.0,0,0.0,0,0.0,4984251,86.4023,2071768,41.5663,2912483,58.4337,131,0.0,124,94.6565,7,5.34351,1596,,,613440653,6000946.0,2946.15,0.0185608,3142.0,2768.0,6033714.0,0.0,2324.0,8764.0,11206.0,14440.0,19492.0,30264.0,63092.0,11848798.0,2652.0,2916.0,3512.0,3898.0,4636.0,5328.0,5924.0,7414.0,,,1048576,,,,,,,,,200000001,0.32603,86.4023,mirage,0,1596,mirage,0.0,,,,0.0,,,,,,,,,3019700.0,3014014.0,0.0,0.0,233.0,27.0,0.0,0.0,0.0,1.0,5.0,18.0,71.0,178.0,406.0,568.0,541.0,8.00488,0.0,0.0,235.0,15.0,1.0,0.0,0.0,1.0,4.0,17.0,74.0,170.0,404.0,596.0,531.0,7.99512,,,6033714.0,623.xalancbmk_s-202B.champsimtrace.xz,,,,,,,,
32581375,88.1524,27556447,84.5773,5024928,15.4227,3540229,0.0,3540229,100.0,0,0.0,36121604,88.1524,31096676,86.0889,5024928,13.9111,0,0.0,0,0.0,0,0.0,5024928,73.6209,40808,0.812111,4984120,99.1879,0,0.0,0,0.0,0,0.0,5025071,73.6209,40951,0.814934,4984120,99.1851,143,0.0,143,100.0,0,0.0,4984120,82.8646,2601048,52.1867,2383072,47.8133,0,0.0,0,0.0,0,0.0,4984251,82.8646,2601179,52.188,2383072,47.812,131,0.0,131,100.0,0,0.0,1596,0.212905,,562690812,5066743.0,2490.0,0.109889,3298.0,1727.0,5099511.0,0.0,2048.0,2048.0,2048.0,2048.0,2048.0,2048.0,2048.0,10135534.0,2048.0,2048.0,2048.0,2048.0,2048.0,2048.0,2048.0,2048.0,,,1048576,0.0,0.0,0.0,1.0,429.0,912.0,15534.0,15892.0,200000001,0.355435,82.8646,srrip,0,1596,srrip,,5099511.0,1085710.0,,,,,,,,,,,,,,,,,,,,,,,,,,,,,,,,,,,,,,,,,,,,,,,,623.xalancbmk_s-202B.champsimtrace.xz,0.0,0.0,0.0,0.0,0.0,0.0,0.0,5099511.0
19966213,73.1409,17465463,87.4751,2500750,12.5249,10177500,148.438,9023586,88.6621,1153914,11.3379,30143713,96.9151,26489049,87.8759,3654664,12.1241,0,0.0,0,0.0,0,0.0,2505226,113.786,1219930,48.6954,1285296,51.3046,1153914,139.818,53090,4.60086,1100824,95.3991,5241622,125.706,2853805,54.4451,2387817,45.5549,1582482,0.0,1580785,99.8928,1697,0.107237,1285294,190.306,773841,60.2073,511453,39.7927,1100824,215.744,581910,52.8613,518914,47.1387,3672367,169.76,2439537,66.4296,1232830,33.5704,1286249,0.0,1083786,84.2594,202463,15.7406,9002,0.414796,99.9971,350765925,2257433.0,1118.26,0.00059023,1120.0,1115.0,2290201.0,0.0,2048.0,2048.0,2048.0,2048.0,2048.0,2048.0,2048.0,4516914.0,2048.0,2048.0,2048.0,2048.0,2048.0,2048.0,2048.0,2048.0,47.0,67.0,1048576,2378.0,5943.0,5491.0,3155.0,1282.0,1130.0,8263.0,5126.0,200000001,0.570181,169.76,enigma,0,9002,enigma,67.0,2290514.0,950095.0,67.0,0.00292502,67.0,1.0,0.0,0.00292502,2290514.0,0.0,5.99219,6.00781,1143969.0,1146232.0,0.0,0.0,224.0,8.0,0.0,0.0,0.0,0.0,3.0,18.0,60.0,171.0,406.0,599.0,559.0,8.00781,0.0,1.0,214.0,15.0,0.0,0.0,0.0,1.0,6.0,21.0,49.0,196.0,376.0,616.0,553.0,7.99219,0.0,0.571429,2290581.0,627.cam4_s-490B.champsimtrace.xz,0.0,0.0,0.0,0.0,0.0,0.0,0.0,2290514.0
19930545,78.142,17429789,87.4526,2500756,12.5474,9939029,162.625,8785121,88.3901,1153908,11.6099,29869574,104.816,26214910,87.7646,3654664,12.2354,0,0.0,0,0.0,0,0.0,2505232,123.492,1219988,48.6976,1285244,51.3024,1153908,154.69,53084,4.60037,1100824,95.3996,5241623,137.787,2853856,54.446,2387767,45.554,1582483,0.0,1580784,99.8926,1699,0.107363,1285244,196.227,725650,56.4601,559594,43.5399,1100824,206.727,480169,43.6191,620655,56.3809,3672318,175.063,2312161,62.9619,1360157,37.0381,1286250,0.0,1106342,86.013,179908,13.987,9002,,,358640752,2539266.0,1255.88,0.0277122,1385.0,1154.0,2572034.0,0.0,2322.0,8782.0,10968.0,14406.0,20534.0,31460.0,62968.0,4923854.0,2588.0,2990.0,3346.0,3882.0,4402.0,5246.0,6228.0,7324.0,,,1048576,,,,,,,,,200000001,0.557661,175.063,mirage,0,9002,mirage,0.0,,,,0.0,,,,,,,,,1287163.0,1284871.0,0.0,0.0,225.0,15.0,0.0,0.0,0.0,3.0,9.0,28.0,69.0,177.0,371.0,601.0,550.0,7.96973,0.0,0.0,234.0,11.0,0.0,0.0,0.0,0.0,3.0,22.0,64.0,181.0,357.0,601.0,575.0,8.03027,,,2572034.0,627.cam4_s-490B.champsimtrace.xz,,,,,,,,
19966241,71.2885,17465502,87.4752,2500739,12.5248,10240977,140.471,9087065,88.7324,1153912,11.2676,30207218,93.132,26552567,87.9014,3654651,12.0986,0,0.0,0,0.0,0,0.0,2505215,110.138,1219907,48.6947,1285308,51.3053,1153912,131.461,53089,4.60078,1100823,95.3992,5241606,119.89,2853776,54.4447,2387830,45.5553,1582479,0.0,1580780,99.8926,1699,0.107363,1285308,190.926,773170,60.1545,512138,39.8455,1100823,211.727,594827,54.0348,505996,45.9652,3672377,165.175,2431791,66.2184,1240586,33.7816,1286246,0.0,1063794,82.7053,222452,17.2947,9002,0.400074,,347425379,2273184.0,1125.95,0.121003,1517.0,717.0,2305952.0,0.0,2048.0,2048.0,2048.0,2048.0,2048.0,2048.0,2048.0,4548416.0,2048.0,2048.0,2048.0,2048.0,2048.0,2048.0,2048.0,2048.0,,,1048576,3914.0,5134.0,2849.0,1520.0,1232.0,2182.0,10268.0,5669.0,200000001,0.575663,165.175,srrip,0,9002,srrip,,2306889.0,922926.0,,,,,,,,,,,,,,,,,,,,,,,,,,,,,,,,,,,,,,,,,,,,,,,,627.cam4_s-490B.champsimtrace.xz,0.0,0.0,0.0,0.0,0.0,0.0,0.0,2306889.0
24293319,66.6828,22329477,91.9161,1963842,8.08388,10892215,101.534,9892170,90.8187,1000045,9.18128,35185534,78.4421,32221647,91.5764,2963887,8.4236,0,0.0,0,0.0,0,0.0,2076414,116.415,1166202,56.1642,910212,43.8358,999991,211.408,591490,59.1495,408501,40.8505,4390041,145.73,3070327,69.9385,1319714,30.0615,1313636,0.0,1312635,99.9238,1001,0.0762007,910212,161.31,468583,51.4806,441629,48.5194,408495,287.609,163658,40.0636,244837,59.9364,1912019,176.453,1109218,58.0129,802801,41.9871,593312,0.0,476977,80.3923,116335,19.6077,13489,0.259108,99.993,211937357,1556254.0,775.89,0.00126119,779.0,771.0,1589022.0,0.0,2048.0,2048.0,2048.0,2048.0,2048.0,2048.0,2048.0,3114556.0,2048.0,2048.0,2048.0,2048.0,2048.0,2048.0,2048.0,2048.0,61.0,111.0,1048576,6352.0,5688.0,3420.0,2836.0,2505.0,2407.0,6575.0,2985.0,200000001,0.943675,176.453,enigma,0,13489,enigma,111.0,1590150.0,412021.0,111.0,0.00697999,111.0,1.0,0.0,0.00697999,1590150.0,0.0,5.99609,6.00391,793525.0,795497.0,0.0,0.0,237.0,20.0,0.0,0.0,0.0,0.0,5.0,28.0,72.0,193.0,357.0,566.0,570.0,8.00391,0.0,0.0,231.0,24.0,0.0,0.0,0.0,2.0,11.0,22.0,60.0,194.0,364.0,595.0,545.0,7.99609,0.0,0.571429,1590261.0,628.pop2_s-17B.champsimtrace.xz,0.0,0.0,0.0,0.0,0.0,0.0,0.0,1590150.0
24279905,71.6067,22316142,91.912,1963763,8.08802,10892787,101.89,9892731,90.8191,1000056,9.1809,35172692,81.8251,32208873,91.5735,2963819,8.42648,0,0.0,0,0.0,0,0.0,2076332,129.546,1166129,56.1629,910203,43.8371,1000012,212.285,591511,59.1504,408501,40.8496,4389963,155.059,3070260,69.9382,1319703,30.0618,1313619,0.0,1312620,99.924,999,0.0760494,910203,166.904,411700,45.2317,498503,54.7683,408497,283.181,158490,38.7983,250007,61.2017,1912008,182.407,1067745,55.8442,844263,44.1558,593308,0.0,497555,83.8612,95753,16.1388,13489,,,218207962,1638042.0,815.825,0.0355863,909.0,720.0,1670810.0,0.0,2342.0,8742.0,11268.0,13648.0,19172.0,30656.0,61292.0,3125684.0,2580.0,3028.0,3392.0,3862.0,4660.0,5212.0,5866.0,7448.0,,,1048576,,,,,,,,,200000001,0.916557,182.407,mirage,0,13489,mirage,0.0,,,,0.0,,,,,,,,,835952.0,834858.0,0.0,1.0,211.0,16.0,0.0,0.0,0.0,1.0,3.0,16.0,66.0,186.0,386.0,607.0,555.0,7.98877,0.0,0.0,220.0,15.0,0.0,0.0,0.0,4.0,13.0,21.0,63.0,157.0,387.0,567.0,601.0,8.01123,,,1670810.0,628.pop2_s-17B.champsimtrace.xz,,,,,,,,
24306018,65.5151,22342185,91.9204,1963833,8.07962,10903102,98.9514,9903093,90.8282,1000009,9.17178,35209120,76.7966,32245278,91.5822,2963842,8.41782,0,0.0,0,0.0,0,0.0,2076406,113.428,1166198,56.1643,910208,43.8357,999958,205.064,591455,59.148,408503,40.852,4389981,141.707,3070266,69.938,1319715,30.062,1313617,0.0,1312613,99.9236,1004,0.0764302,910208,159.196,456915,50.199,453293,49.801,408499,283.012,163102,39.9271,245397,60.0729,1912023,172.295,1090103,57.0131,821920,42.9869,593316,0.0,470086,79.2303,123230,20.7697,13489,0.251915,,210915161,1586363.0,790.591,0.0389341,901.0,707.0,1619131.0,0.0,2048.0,2048.0,2048.0,2048.0,2048.0,2048.0,2048.0,3174774.0,2048.0,2048.0,2048.0,2048.0,2048.0,2048.0,2048.0,2048.0,,,1048576,7141.0,4728.0,3005.0,2464.0,2442.0,2670.0,6811.0,3507.0,200000001,0.948249,172.295,srrip,0,13489,srrip,,1623382.0,408954.0,,,,,,,,,,,,,,,,,,,,,,,,,,,,,,,,,,,,,,,,,,,,,,,,628.pop2_s-17B.champsimtrace.xz,0.0,0.0,0.0,0.0,0.0,0.0,0.0,1623382.0
45243995,219.303,41969030,92.7615,3274965,7.23845,9834439,0.0,9834439,100.0,0,0.0,55078434,219.303,51803469,94.054,3274965,5.946,0,0.0,0,0.0,0,0.0,3274965,203.43,283,0.00864131,3274682,99.9914,0,0.0,0,0.0,0,0.0,4313392,203.429,1038700,24.0808,3274692,75.9192,1038427,0.0,1038417,99.999,10,0.000962995,3274682,165.295,15,0.00045806,3274667,99.9995,0,0.0,0,0.0,0,0.0,4313032,160.172,933614,21.6463,3379418,78.3537,1038350,0.0,933599,89.9118,104751,10.0882,86810,0.1744,99.9897,367803953,6731536.0,3302.88,0.00023386,3306.0,3302.0,6764304.0,0.0,2048.0,2048.0,2048.0,2048.0,2048.0,2048.0,2048.0,13465120.0,2048.0,2048.0,2048.0,2048.0,2048.0,2048.0,2048.0,2048.0,430.0,696.0,1048576,1466.0,3186.0,3092.0,3154.0,3114.0,3081.0,9880.0,5795.0,200000000,0.543768,160.172,enigma,0,86810,enigma,696.0,6763608.0,1179575.0,696.0,0.0102893,696.0,1.0,0.0,0.0102893,6763609.0,0.0,5.9917,6.0083,3382971.0,3381333.0,0.0,1.0,226.0,19.0,0.0,0.0,0.0,0.0,4.0,23.0,69.0,175.0,368.0,611.0,552.0,8.0083,0.0,0.0,205.0,14.0,0.0,0.0,0.0,1.0,6.0,21.0,65.0,172.0,378.0,618.0,568.0,7.9917,0.0,0.571429,6764305.0,649.fotonik3d_s-7084B.champsimtrace.xz,0.0,0.0,0.0,0.0,0.0,0.0,0.0,6763608.0
45243216,219.258,41968251,92.7614,3274965,7.23858,9834439,0.0,9834439,100.0,0,0.0,55077655,219.258,51802690,94.0539,3274965,5.94609,0,0.0,0,0.0,0,0.0,3274965,203.385,283,0.00864131,3274682,99.9914,0,0.0,0,0.0,0,0.0,4313392,203.384,1038700,24.0808,3274692,75.9192,1038427,0.0,1038417,99.999,10,0.000962995,3274682,165.256,107,0.00326749,3274575,99.9967,0,0.0,0,0.0,0,0.0,4313032,153.938,797706,18.4952,3515326,81.5048,1038350,0.0,797599,76.8141,240751,23.1859,86810,,,367715672,6998365.0,3433.17,0.0172607,3609.0,3212.0,7031133.0,0.0,2340.0,8826.0,10918.0,14590.0,19918.0,31024.0,62546.0,13843252.0,2584.0,2966.0,3398.0,3798.0,4500.0,5386.0,6142.0,7310.0,,,1048576,,,,,,,,,200000000,0.543898,153.938,mirage,0,86810,mirage,0.0,,,,0.0,,,,,,,,,3515196.0,3515937.0,0.0,0.0,225.0,13.0,0.0,0.0,0.0,2.0,3.0,25.0,53.0,178.0,390.0,599.0,560.0,8.0083,0.0,0.0,223.0,23.0,0.0,0.0,0.0,0.0,6.0,22.0,76.0,187.0,365.0,593.0,553.0,7.9917,,,7031134.0,649.fotonik3d_s-7084B.champsimtrace.xz,,,,,,,,
45233954,215.09,41958989,92.7599,3274965,7.24006,9834439,0.0,9834439,100.0,0,0.0,55068393,215.09,51793428,94.0529,3274965,5.94709,0,0.0,0,0.0,0,0.0,3274965,199.215,283,0.00864131,3274682,99.9914,0,0.0,0,0.0,0,0.0,4313392,199.215,1038700,24.0808,3274692,75.9192,1038427,0.0,1038417,99.999,10,0.000962995,3274682,165.072,14,0.000427522,3274668,99.9996,0,0.0,0,0.0,0,0.0,4313032,155.694,841116,19.5017,3471916,80.4983,1038350,0.0,841102,81.0037,197248,18.9963,86810,0.161368,,361671294,6907974.0,3389.03,0.0116274,3497.0,3295.0,6940742.0,0.0,2048.0,2048.0,2048.0,2048.0,2048.0,2048.0,2048.0,13817996.0,2048.0,2048.0,2048.0,2048.0,2048.0,2048.0,2048.0,2048.0,,,1048576,2149.0,3083.0,2360.0,2560.0,2203.0,2479.0,11115.0,6819.0,200000000,0.552988,155.694,srrip,0,86810,srrip,,6940742.0,1120012.0,,,,,,,,,,,,,,,,,,,,,,,,,,,,,,,,,,,,,,,,,,,,,,,,649.fotonik3d_s-7084B.champsimtrace.xz,0.0,0.0,0.0,0.0,0.0,0.0,0.0,6940742.0
36305962,347.228,35341120,97.3425,964842,2.65753,24069031,226.248,23561813,97.8927,507218,2.10735,60374993,305.543,58902933,97.5618,1472060,2.43819,0,0.0,0,0.0,0,0.0,965016,341.453,27924,2.89363,937092,97.1064,507218,210.886,262,0.0516543,506956,99.9483,1987233,295.487,542560,27.3023,1444673,72.6977,514999,0.0,514374,99.8786,625,0.121359,937092,310.837,23558,2.51395,913534,97.4861,506956,172.432,612,0.120721,506344,99.8793,1957660,245.951,448130,22.8911,1509530,77.1089,513612,0.0,423960,82.5448,89652,17.4552,27197,0.1761,99.9911,419729176,2874318.0,1419.48,0.000429939,1422.0,1419.0,2907086.0,0.0,2048.0,2048.0,2048.0,2048.0,2048.0,2048.0,2048.0,5750684.0,2048.0,2048.0,2048.0,2048.0,2048.0,2048.0,2048.0,2048.0,145.0,258.0,1048576,5664.0,5498.0,1430.0,2384.0,2939.0,3117.0,7985.0,3751.0,200000001,0.476498,186.481,enigma,0,27197,enigma,258.0,2906828.0,511893.0,258.0,0.00887487,258.0,1.0,0.0,0.00887487,2906828.0,0.0,6.00439,5.99561,1454274.0,1452812.0,0.0,0.0,220.0,12.0,0.0,0.0,0.0,1.0,3.0,22.0,65.0,180.0,393.0,580.0,572.0,7.99561,0.0,0.0,216.0,22.0,0.0,0.0,0.0,0.0,5.0,16.0,83.0,168.0,359.0,635.0,544.0,8.00439,0.0,0.571429,2907086.0,654.roms_s-1007B.champsimtrace.xz,0.0,0.0,0.0,0.0,0.0,0.0,0.0,2906828.0
36306865,347.953,35342024,97.3425,964841,2.65746,24066671,226.905,23559453,97.8924,507218,2.10755,60373536,306.244,58901477,97.5617,1472059,2.43825,0,0.0,0,0.0,0,0.0,965015,342.199,27923,2.89353,937092,97.1065,507218,211.552,259,0.0510629,506959,99.9489,1987232,296.205,542556,27.3021,1444676,72.6979,514999,0.0,514374,99.8786,625,0.121359,937092,310.106,19170,2.04569,917922,97.9543,506959,173.107,597,0.117761,506362,99.8822,1957667,240.966,412605,21.0764,1545062,78.9236,513616,0.0,392838,76.4848,120778,23.5152,27197,,,420349074,2945946.0,1454.45,0.0257063,1576.0,1331.0,2978714.0,0.0,2312.0,9034.0,11064.0,14266.0,19176.0,30636.0,62654.0,5739234.0,2696.0,3076.0,3432.0,3908.0,4512.0,5444.0,6086.0,7130.0,,,1048576,,,,,,,,,200000001,0.475795,182.863,mirage,0,27197,mirage,0.0,,,,0.0,,,,,,,,,1489280.0,1489434.0,0.0,1.0,187.0,16.0,0.0,0.0,0.0,1.0,3.0,12.0,50.0,186.0,410.0,633.0,549.0,7.98193,0.0,0.0,190.0,13.0,0.0,0.0,0.0,1.0,2.0,9.0,55.0,162.0,406.0,645.0,565.0,8.01807,,,2978714.0,654.roms_s-1007B.champsimtrace.xz,,,,,,,,
36308959,339.926,35344117,97.3427,964842,2.65731,24071813,218.656,23564595,97.8929,507218,2.1071,60380772,298.141,58908712,97.562,1472060,2.43796,0,0.0,0,0.0,0,0.0,965016,333.926,27924,2.89363,937092,97.1064,507218,203.261,259,0.0510629,506959,99.9489,1987233,287.929,542557,27.3021,1444676,72.6979,514999,0.0,514374,99.8786,625,0.121359,937092,312.605,39350,4.19916,897742,95.8008,506959,168.76,599,0.118156,506360,99.8818,1957667,239.118,426656,21.7941,1531011,78.2059,513616,0.0,386707,75.2911,126909,24.7089,27197,0.167634,,416364483,2914899.0,1439.29,0.0463636,1595.0,1261.0,2947667.0,0.0,2048.0,2048.0,2048.0,2048.0,2048.0,2048.0,2048.0,5831846.0,2048.0,2048.0,2048.0,2048.0,2048.0,2048.0,2048.0,2048.0,,,1048576,6415.0,4607.0,1992.0,2096.0,2553.0,2863.0,8186.0,4056.0,200000001,0.480348,180.487,srrip,0,27197,srrip,,2947667.0,494128.0,,,,,,,,,,,,,,,,,,,,,,,,,,,,,,,,,,,,,,,,,,,,,,,,654.roms_s-1007B.champsimtrace.xz,0.0,0.0,0.0,0.0,0.0,0.0,0.0,2947667.0
44696520,195.146,40253287,90.0591,4443233,9.94089,4668975,246.907,3386510,72.5322,1282465,27.4678,49365495,206.74,43639797,88.4014,5725698,11.5986,0,0.0,0,0.0,0,0.0,4443255,278.051,1590973,35.8065,2852282,64.1935,1282465,231.329,0,0.0,1282465,100.0,7016549,263.558,2881775,41.0711,4134774,58.9289,1290829,0.0,1290802,99.9979,27,0.00209168,2852282,239.668,0,0.0,2852282,100.0,1282465,192.263,0,0.0,1282465,100.0,5420972,208.899,968246,17.8611,4452726,82.1389,1286225,0.0,968246,75.2781,317979,24.7219,78436,0.151035,99.9893,463714891,9141223.0,4479.49,0.000153295,4483.0,4479.0,9173991.0,0.0,2048.0,2048.0,2048.0,2048.0,2048.0,2048.0,2048.0,18284494.0,2048.0,2048.0,2048.0,2048.0,2048.0,2048.0,2048.0,2048.0,548.0,980.0,1048576,1088.0,2108.0,2329.0,1721.0,2607.0,2305.0,11915.0,8695.0,200000001,0.4313,208.899,enigma,0,78436,enigma,980.0,9173011.0,1385442.0,980.0,0.0106824,980.0,1.0,0.0,0.0106824,9173012.0,0.0,5.99023,6.00977,4591450.0,4582541.0,0.0,0.0,246.0,23.0,0.0,0.0,0.0,0.0,9.0,17.0,66.0,190.0,368.0,611.0,518.0,8.00977,0.0,0.0,233.0,28.0,0.0,0.0,0.0,0.0,6.0,22.0,81.0,189.0,381.0,558.0,550.0,7.99023,0.0,0.571429,9173992.0,654.roms_s-1070B.champsimtrace.xz,0.0,0.0,0.0,0.0,0.0,0.0,0.0,9173011.0
44700722,194.826,40257488,90.06,4443234,9.93996,4662688,247.5,3380223,72.4952,1282465,27.5048,49363410,206.624,43637711,88.4009,5725699,11.5991,0,0.0,0,0.0,0,0.0,4443256,277.554,1590974,35.8065,2852282,64.1935,1282465,231.924,0,0.0,1282465,100.0,7016550,263.4,2881776,41.0711,4134774,58.9289,1290829,0.0,1290802,99.9979,27,0.00209168,2852282,239.966,9499,0.333032,2842783,99.667,1282465,192.854,18,0.00140355,1282447,99.9986,5420972,209.168,977179,18.0259,4443793,81.9741,1286225,0.0,967662,75.2327,318563,24.7673,78436,,,463427670,9119072.0,4468.67,0.0149958,4729.0,4261.0,9151840.0,0.0,2344.0,8986.0,11292.0,14602.0,19552.0,30812.0,65112.0,18082458.0,2638.0,2942.0,3424.0,3790.0,4486.0,5160.0,6118.0,7196.0,,,1048576,,,,,,,,,200000001,0.431567,209.168,mirage,0,78436,mirage,0.0,,,,0.0,,,,,,,,,4578409.0,4573431.0,0.0,0.0,214.0,21.0,0.0,0.0,0.0,1.0,4.0,16.0,77.0,171.0,371.0,634.0,539.0,7.99805,0.0,0.0,233.0,23.0,1.0,0.0,0.0,0.0,4.0,24.0,83.0,170.0,384.0,572.0,554.0,8.00195,,,9151841.0,654.roms_s-1070B.champsimtrace.xz,,,,,,,,
44703206,190.231,40259969,90.0606,4443237,9.93941,4690621,241.918,3408156,72.659,1282465,27.341,49393827,201.808,43668125,88.4081,5725702,11.5919,0,0.0,0,0.0,0,0.0,4443259,270.391,1590977,35.8065,2852282,64.1935,1282465,226.318,0,0.0,1282465,100.0,7016553,256.719,2881779,41.0711,4134774,58.9289,1290829,0.0,1290802,99.9979,27,0.00209168,2852282,235.999,286,0.0100271,2851996,99.99,1282465,191.149,0,0.0,1282465,100.0,5420972,206.028,964238,17.7872,4456734,82.2128,1286225,0.0,963952,74.9443,322273,25.0557,78436,0.150798,,455821424,9151113.0,4484.32,0.023242,4726.0,4153.0,9183881.0,0.0,2048.0,2048.0,2048.0,2048.0,2048.0,2048.0,2048.0,18304274.0,2048.0,2048.0,2048.0,2048.0,2048.0,2048.0,2048.0,2048.0,,,1048576,1171.0,2223.0,2197.0,2216.0,2179.0,2293.0,11853.0,8636.0,200000001,0.438768,206.028,srrip,0,78436,srrip,,9183881.0,1384915.0,,,,,,,,,,,,,,,,,,,,,,,,,,,,,,,,,,,,,,,,,,,,,,,,654.roms_s-1070B.champsimtrace.xz,0.0,0.0,0.0,0.0,0.0,0.0,0.0,9183881.0
43528715,263.285,39084794,89.7908,4443921,10.2092,9809702,238.25,8646526,88.1426,1163176,11.8574,53338417,258.092,47731320,89.4877,5607097,10.5123,0,0.0,0,0.0,0,0.0,4444654,283.557,565078,12.7137,3879576,87.2863,1163176,222.761,17,0.00146152,1163159,99.9985,7039449,269.53,1996652,28.3638,5042797,71.6362,1431619,0.0,1431557,99.9957,62,0.00433076,3879577,219.224,4123,0.106274,3875454,99.8937,1163159,184.019,3,0.000257918,1163156,99.9997,6470265,203.397,1240898,19.1785,5229367,80.8215,1427529,0.0,1236772,86.6373,190757,13.3627,55264,0.160828,99.9886,543900086,10851380.0,5314.53,0.000153147,5319.0,5313.0,10884148.0,0.0,2048.0,2048.0,2048.0,2048.0,2048.0,2048.0,2048.0,21704808.0,2048.0,2048.0,2048.0,2048.0,2048.0,2048.0,2048.0,2048.0,706.0,1236.0,1048576,1531.0,2484.0,2587.0,2991.0,2609.0,2479.0,11152.0,6935.0,200000000,0.367715,203.397,enigma,0,55264,enigma,1236.0,10882912.0,1750281.0,1236.0,0.011356,1236.0,1.0,0.0,0.011356,10882914.0,0.0,6.0293,5.9707,5442766.0,5441382.0,0.0,0.0,203.0,24.0,0.0,0.0,0.0,2.0,8.0,17.0,65.0,179.0,420.0,575.0,555.0,7.9707,0.0,0.0,228.0,22.0,0.0,0.0,0.0,5.0,3.0,19.0,59.0,191.0,362.0,579.0,580.0,8.0293,0.0,0.571429,10884150.0,654.roms_s-1390B.champsimtrace.xz,0.0,0.0,0.0,0.0,0.0,0.0,0.0,10882912.0
43537435,263.031,39093497,89.7928,4443938,10.2072,9808130,237.774,8644957,88.1407,1163173,11.8593,53345565,257.791,47738454,89.4891,5607111,10.5109,0,0.0,0,0.0,0,0.0,4444671,283.261,565094,12.714,3879577,87.286,1163173,222.286,15,0.00128958,1163158,99.9987,7039448,269.193,1996651,28.3637,5042797,71.6363,1431604,0.0,1431542,99.9957,62,0.00433081,3879578,219.506,14347,0.369808,3865231,99.6302,1163158,184.084,3456,0.297122,1159702,99.7029,6470250,198.671,1125108,17.3889,5345142,82.6111,1427514,0.0,1107305,77.5688,320209,22.4312,55264,,,543544285,11049837.0,5411.43,0.0134141,5667.0,5192.0,11082605.0,0.0,2342.0,8740.0,10966.0,14418.0,19382.0,29332.0,63404.0,21948182.0,2578.0,2998.0,3446.0,3954.0,4438.0,5310.0,6000.0,6952.0,,,1048576,,,,,,,,,200000000,0.367955,198.671,mirage,0,55264,mirage,0.0,,,,0.0,,,,,,,,,5541000.0,5541605.0,0.0,0.0,221.0,20.0,0.0,0.0,0.0,0.0,5.0,26.0,68.0,172.0,380.0,575.0,581.0,8.0127,0.0,0.0,215.0,7.0,0.0,0.0,0.0,0.0,6.0,16.0,69.0,179.0,394.0,586.0,576.0,7.9873,,,11082607.0,654.roms_s-1390B.champsimtrace.xz,,,,,,,,
43535474,257.207,39091506,89.7923,4443968,10.2077,9822459,231.368,8659285,88.158,1163174,11.842,53357933,251.847,47750791,89.4915,5607142,10.5085,0,0.0,0,0.0,0,0.0,4444701,276.589,565124,12.7146,3879577,87.2854,1163174,215.853,16,0.00137555,1163158,99.9986,7039488,262.577,1996691,28.3642,5042797,71.6358,1431613,0.0,1431551,99.9957,62,0.00433078,3879578,216.645,11216,0.289104,3868362,99.7109,1163158,181.088,2,0.000171946,1163156,99.9998,6470259,198.175,1178491,18.214,5291768,81.786,1427523,0.0,1167273,81.7691,260250,18.2309,55264,0.155414,,534314393,10979393.0,5377.03,0.0336689,5843.0,4973.0,11012161.0,0.0,2048.0,2048.0,2048.0,2048.0,2048.0,2048.0,2048.0,21960834.0,2048.0,2048.0,2048.0,2048.0,2048.0,2048.0,2048.0,2048.0,,,1048576,1559.0,2801.0,2715.0,3196.0,2605.0,2730.0,10676.0,6486.0,200000000,0.374311,198.175,srrip,0,55264,srrip,,11012161.0,1711444.0,,,,,,,,,,,,,,,,,,,,,,,,,,,,,,,,,,,,,,,,,,,,,,,,654.roms_s-1390B.champsimtrace.xz,0.0,0.0,0.0,0.0,0.0,0.0,0.0,11012161.0
30846528,213.467,30510864,98.9118,335664,1.08817,19499535,236.841,19276407,98.8557,223128,1.14427,50346063,222.8,49787271,98.8901,558792,1.1099,0,0.0,0,0.0,0,0.0,335664,198.057,11,0.00327709,335653,99.9967,223128,221.727,0,0.0,223128,100.0,781933,207.358,222748,28.4868,559185,71.5132,223141,0.0,222737,99.8189,404,0.181051,335653,175.952,30717,9.15142,304936,90.8486,223128,183.218,1,0.000448173,223127,99.9996,780999,159.043,186602,23.8927,594397,76.1073,222218,0.0,155884,70.1491,66334,29.8509,10598,0.18457,99.9942,309876364,1331097.0,665.95,0.00052235,668.0,665.0,1363865.0,0.0,2048.0,2048.0,2048.0,2048.0,2048.0,2048.0,2048.0,2664242.0,2048.0,2048.0,2048.0,2048.0,2048.0,2048.0,2048.0,2048.0,51.0,79.0,1048576,1240.0,2261.0,2841.0,3027.0,3245.0,3698.0,10659.0,5797.0,200000000,0.645419,159.043,enigma,0,10598,enigma,79.0,1363786.0,251714.0,79.0,0.00579236,79.0,1.0,0.0,0.00579236,1363786.0,0.0,5.99658,6.00342,681409.0,682456.0,0.0,0.0,202.0,18.0,0.0,0.0,0.0,2.0,1.0,15.0,67.0,168.0,396.0,620.0,559.0,8.00342,0.0,0.0,196.0,13.0,0.0,0.0,0.0,0.0,5.0,14.0,69.0,166.0,399.0,605.0,581.0,7.99658,0.0,0.571429,1363865.0,654.roms_s-1613B.champsimtrace.xz,0.0,0.0,0.0,0.0,0.0,0.0,0.0,1363786.0
30846886,222.743,30511222,98.9118,335664,1.08816,19525686,237.936,19302558,98.8573,223128,1.14274,50372572,228.81,49813780,98.8907,558792,1.10932,0,0.0,0,0.0,0,0.0,335664,207.329,11,0.00327709,335653,99.9967,223128,222.813,0,0.0,223128,100.0,781933,213.358,222748,28.4868,559185,71.5132,223141,0.0,222737,99.8189,404,0.181051,335653,176.388,13825,4.11884,321828,95.8812,223128,184.891,672,0.301172,222456,99.6988,780999,164.213,184843,23.6675,596156,76.3325,222218,0.0,170346,76.6572,51872,23.3428,10598,,,312776612,1338786.0,669.704,0.0388187,762.0,587.0,1371554.0,0.0,2312.0,9372.0,11474.0,13956.0,19488.0,29592.0,63638.0,2524310.0,2624.0,3094.0,3332.0,3894.0,4636.0,5110.0,6186.0,7322.0,,,1048576,,,,,,,,,200000000,0.639434,164.213,mirage,0,10598,mirage,0.0,,,,0.0,,,,,,,,,685883.0,685671.0,0.0,0.0,216.0,26.0,0.0,0.0,0.0,0.0,5.0,17.0,57.0,188.0,389.0,569.0,581.0,8.03027,0.0,0.0,236.0,23.0,0.0,0.0,0.0,1.0,2.0,30.0,75.0,207.0,364.0,574.0,536.0,7.96973,,,1371554.0,654.roms_s-1613B.champsimtrace.xz,,,,,,,,
30846340,206.019,30510676,98.9118,335664,1.08818,19512870,231.039,19289742,98.8565,223128,1.14349,50359210,216.01,49800418,98.8904,558792,1.10961,0,0.0,0,0.0,0,0.0,335664,190.598,11,0.00327709,335653,99.9967,223128,215.923,0,0.0,223128,100.0,781933,200.566,222748,28.4868,559185,71.5132,223141,0.0,222737,99.8189,404,0.181051,335653,176.618,38485,11.4657,297168,88.5343,223128,181.408,1,0.000448173,223127,99.9996,780999,153.746,176350,22.5801,604649,77.4199,222218,0.0,137864,62.04,84354,37.96,10598,0.170297,,308289195,1357054.0,678.624,0.137469,845.0,417.0,1389822.0,0.0,2048.0,2048.0,2048.0,2048.0,2048.0,2048.0,2048.0,2716156.0,2048.0,2048.0,2048.0,2048.0,2048.0,2048.0,2048.0,2048.0,,,1048576,3986.0,4037.0,2578.0,2692.0,2019.0,1529.0,9547.0,6380.0,200000000,0.648742,153.746,srrip,0,10598,srrip,,1389822.0,236683.0,,,,,,,,,,,,,,,,,,,,,,,,,,,,,,,,,,,,,,,,,,,,,,,,654.roms_s-1613B.champsimtrace.xz,0.0,0.0,0.0,0.0,0.0,0.0,0.0,1389822.0
46576772,173.153,44012836,94.4952,2563936,5.50475,6708755,200.744,6687784,99.6874,20971,0.312592,53285527,173.377,50700620,95.149,2584907,4.85105,0,0.0,0,0.0,0,0.0,2563933,157.664,16251,0.633831,2547682,99.3662,20971,183.903,0,0.0,20971,100.0,2616967,156.741,29670,1.13376,2587297,98.8662,32063,0.0,13419,41.852,18644,58.148,2547682,138.282,350894,13.7731,2196788,86.2269,20971,142.067,161,0.767727,20810,99.2323,2590929,137.227,355710,13.7291,2235219,86.2709,22276,0.0,4655,20.8969,17621,79.1031,101916,0.178096,99.9906,295197005,3709983.0,1827.52,0.000344874,1830.0,1827.0,3742751.0,0.0,2048.0,2048.0,2048.0,2048.0,2048.0,2048.0,2048.0,7422014.0,2048.0,2048.0,2048.0,2048.0,2048.0,2048.0,2048.0,2048.0,10.0,352.0,1048576,1133.0,2423.0,2391.0,2428.0,2413.0,2548.0,11661.0,7771.0,200000003,0.677514,137.227,enigma,0,101916,enigma,352.0,3742399.0,666506.0,352.0,0.00940484,352.0,1.0,0.0,0.00940484,3742400.0,0.0,5.98975,6.01025,1871593.0,1871158.0,0.0,1.0,244.0,26.0,0.0,0.0,0.0,3.0,5.0,23.0,71.0,184.0,362.0,589.0,540.0,8.01025,0.0,1.0,245.0,19.0,0.0,0.0,0.0,0.0,2.0,28.0,72.0,190.0,398.0,538.0,555.0,7.98975,0.0,0.571429,3742752.0,654.roms_s-293B.champsimtrace.xz,0.0,0.0,0.0,0.0,0.0,0.0,0.0,3742399.0
46685494,186.502,44121550,94.508,2563944,5.49195,6708746,201.697,6687775,99.6874,20971,0.312592,53394240,186.625,50809325,95.1588,2584915,4.84119,0,0.0,0,0.0,0,0.0,2563943,171.105,16238,0.633321,2547705,99.3667,20971,184.886,0,0.0,20971,100.0,2616979,169.983,29659,1.13333,2587320,98.8667,32065,0.0,13421,41.8556,18644,58.1444,2547705,148.704,273835,10.7483,2273870,89.2517,20971,143.099,129,0.615135,20842,99.3849,2590955,147.997,286070,11.0411,2304885,88.9589,22279,0.0,12106,54.3382,10173,45.6618,101916,,,302671934,4084027.0,2010.15,0.0221903,2149.0,1858.0,4116795.0,0.0,2312.0,8638.0,10806.0,13668.0,19282.0,31692.0,61990.0,8016252.0,2592.0,2968.0,3388.0,3996.0,4458.0,5246.0,6176.0,7358.0,,,1048576,,,,,,,,,200000003,0.660781,147.997,mirage,0,101916,mirage,0.0,,,,0.0,,,,,,,,,2058159.0,2058636.0,0.0,0.0,237.0,21.0,0.0,0.0,0.0,0.0,5.0,16.0,73.0,194.0,381.0,579.0,542.0,8.00098,0.0,0.0,223.0,31.0,0.0,0.0,0.0,0.0,5.0,23.0,58.0,186.0,408.0,584.0,530.0,7.99902,,,4116796.0,654.roms_s-293B.champsimtrace.xz,,,,,,,,
46612848,167.162,44048913,94.4995,2563935,5.50049,6708696,194.772,6687725,99.6874,20971,0.312594,53321544,167.386,50736638,95.1522,2584906,4.84777,0,0.0,0,0.0,0,0.0,2563929,151.608,16246,0.633637,2547683,99.3664,20971,177.945,0,0.0,20971,100.0,2616962,150.729,29661,1.13341,2587301,98.8666,32062,0.0,13415,41.8408,18647,58.1592,2547683,135.388,342132,13.4291,2205551,86.5709,20971,139.886,161,0.767727,20810,99.2323,2590931,134.414,347751,13.4219,2243180,86.5781,22277,0.0,5458,24.5006,16819,75.4994,101916,0.164866,,289526513,3834180.0,1888.16,0.0927661,2497.0,1520.0,3866948.0,0.0,2048.0,2048.0,2048.0,2048.0,2048.0,2048.0,2048.0,7670408.0,2048.0,2048.0,2048.0,2048.0,2048.0,2048.0,2048.0,2048.0,,,1048576,1313.0,2508.0,2515.0,2390.0,2399.0,2435.0,11613.0,7595.0,200000003,0.690783,134.414,srrip,0,101916,srrip,,3866948.0,637529.0,,,,,,,,,,,,,,,,,,,,,,,,,,,,,,,,,,,,,,,,,,,,,,,,654.roms_s-293B.champsimtrace.xz,0.0,0.0,0.0,0.0,0.0,0.0,0.0,3866948.0
38452234,248.386,35220100,91.5944,3232134,8.40558,6838278,241.904,5640509,82.4843,1197769,17.5157,45290512,246.634,40860609,90.2189,4429903,9.78108,0,0.0,0,0.0,0,0.0,3232134,232.846,594,0.018378,3231540,99.9816,1197769,226.401,0,0.0,1197769,100.0,5893842,231.1,1464480,24.8476,4429362,75.1524,1463939,0.0,1463886,99.9964,53,0.00362037,3231540,195.589,16705,0.516936,3214835,99.4831,1197769,187.85,0,0.0,1197769,100.0,5892972,180.912,1173621,19.9156,4719351,80.0844,1463663,0.0,1156916,79.0425,306747,20.9575,49369,0.16306,99.9903,479197087,9502650.0,4655.97,0.00017768,4660.0,4655.0,9535418.0,0.0,2048.0,2048.0,2048.0,2048.0,2048.0,2048.0,2048.0,19007348.0,2048.0,2048.0,2048.0,2048.0,2048.0,2048.0,2048.0,2048.0,529.0,927.0,1048576,1342.0,2674.0,2624.0,2649.0,2848.0,2704.0,10911.0,7016.0,200000002,0.417365,180.912,enigma,0,49369,enigma,927.0,9534491.0,1554697.0,927.0,0.00972165,927.0,1.0,0.0,0.00972165,9534493.0,0.0,6.01318,5.98682,4766471.0,4768947.0,0.0,0.0,237.0,24.0,0.0,0.0,0.0,1.0,7.0,27.0,77.0,194.0,357.0,572.0,552.0,7.98682,0.0,0.0,227.0,28.0,0.0,0.0,0.0,2.0,3.0,25.0,62.0,184.0,380.0,587.0,550.0,8.01318,0.0,0.571429,9535420.0,654.roms_s-523B.champsimtrace.xz,0.0,0.0,0.0,0.0,0.0,0.0,0.0,9534491.0
38452112,247.64,35219975,91.5944,3232137,8.40562,6831828,241.851,5634059,82.4678,1197769,17.5322,45283940,246.075,40854034,90.2175,4429906,9.78251,0,0.0,0,0.0,0,0.0,3232137,232.098,597,0.0184708,3231540,99.9815,1197769,226.349,0,0.0,1197769,100.0,5893845,230.54,1464483,24.8477,4429362,75.1523,1463939,0.0,1463886,99.9964,53,0.00362037,3231540,195.581,28950,0.895858,3202590,99.1041,1197769,187.879,558,0.0465866,1197211,99.9534,5892972,179.549,1151667,19.5431,4741305,80.4569,1463663,0.0,1122159,76.6679,341504,23.3321,49369,,,478556777,9552300.0,4680.21,0.0144568,4906.0,4454.0,9585068.0,0.0,2304.0,8880.0,11280.0,14642.0,19580.0,30090.0,62508.0,18952112.0,2554.0,2926.0,3414.0,3904.0,4508.0,5268.0,5958.0,7440.0,,,1048576,,,,,,,,,200000002,0.417923,179.549,mirage,0,49369,mirage,0.0,,,,0.0,,,,,,,,,4793388.0,4791680.0,0.0,0.0,212.0,26.0,0.0,0.0,0.0,2.0,7.0,21.0,64.0,171.0,387.0,583.0,575.0,8.01221,0.0,1.0,216.0,23.0,0.0,0.0,0.0,2.0,3.0,26.0,76.0,171.0,374.0,600.0,556.0,7.98779,,,9585070.0,654.roms_s-523B.champsimtrace.xz,,,,,,,,
38464036,241.101,35231901,91.597,3232135,8.40301,6841916,234.498,5644147,82.4937,1197769,17.5063,45305952,239.315,40876048,90.2222,4429904,9.77775,0,0.0,0,0.0,0,0.0,3232135,225.559,595,0.0184089,3231540,99.9816,1197769,218.988,0,0.0,1197769,100.0,5893843,223.779,1464481,24.8476,4429362,75.1524,1463939,0.0,1463886,99.9964,53,0.00362037,3231540,192.718,24002,0.742742,3207538,99.2573,1197769,184.398,0,0.0,1197769,100.0,5892972,176.816,1147837,19.4781,4745135,80.5219,1463663,0.0,1123835,76.7824,339828,23.2176,49369,0.161345,,469252756,9549621.0,4678.9,0.0681773,5546.0,3913.0,9582389.0,0.0,2048.0,2048.0,2048.0,2048.0,2048.0,2048.0,2048.0,19101290.0,2048.0,2048.0,2048.0,2048.0,2048.0,2048.0,2048.0,2048.0,,,1048576,1682.0,2840.0,2754.0,2534.0,2599.0,2787.0,10807.0,6765.0,200000002,0.42621,176.816,srrip,0,49369,srrip,,9582389.0,1546074.0,,,,,,,,,,,,,,,,,,,,,,,,,,,,,,,,,,,,,,,,,,,,,,,,654.roms_s-523B.champsimtrace.xz,0.0,0.0,0.0,0.0,0.0,0.0,0.0,9582389.0
23196536,71.022,22506175,97.0239,690361,2.97614,13099288,71.1628,12890987,98.4098,208301,1.59017,36295824,71.0546,35397162,97.5241,898662,2.47594,0,0.0,0,0.0,0,0.0,690970,143.007,431049,62.3832,259921,37.6168,208291,173.731,141035,67.7106,67256,32.2894,1553309,148.956,1225326,78.8849,327983,21.1151,654048,0.0,653242,99.8768,806,0.123233,259921,180.456,110212,42.4021,149709,57.5979,67255,157.044,9377,13.9425,57878,86.0575,557137,141.859,302621,54.3172,254516,45.6828,229961,0.0,183032,79.5926,46929,20.4074,9153,0.301354,99.9955,268962727,479071.0,249.921,0.00121983,251.0,249.0,511839.0,0.0,2048.0,2048.0,2048.0,2048.0,2048.0,2048.0,2048.0,960190.0,2048.0,2048.0,2048.0,2048.0,2048.0,2048.0,2048.0,2048.0,20.0,23.0,1048576,4059.0,5827.0,4084.0,3472.0,3106.0,2772.0,6522.0,2926.0,200000000,0.743597,141.859,enigma,0,9153,enigma,23.0,511816.0,154238.0,23.0,0.00449359,23.0,1.0,0.0,0.00449359,511817.0,0.0,5.9917,6.0083,256332.0,255507.0,0.0,0.0,217.0,13.0,0.0,0.0,0.0,0.0,4.0,16.0,72.0,186.0,368.0,588.0,584.0,8.0083,0.0,0.0,206.0,13.0,0.0,0.0,0.0,0.0,2.0,18.0,70.0,186.0,379.0,599.0,575.0,7.9917,0.0,0.571429,511840.0,657.xz_s-3167B.champsimtrace.xz,0.0,0.0,0.0,0.0,0.0,0.0,0.0,511816.0
23195674,73.4501,22505312,97.0237,690362,2.97625,13098108,73.1349,12889806,98.4097,208302,1.59032,36293782,73.3771,35395118,97.5239,898664,2.47608,0,0.0,0,0.0,0,0.0,690971,149.535,431051,62.3834,259920,37.6166,208291,179.837,141035,67.7106,67256,32.2894,1553314,155.381,1225332,78.885,327982,21.115,654052,0.0,653246,99.8768,806,0.123232,259920,180.515,100751,38.7623,159169,61.2377,67255,160.13,7960,11.8356,59295,88.1644,557136,148.449,299625,53.7795,257511,46.2205,229961,0.0,190914,83.0202,39047,16.9798,9153,,,270394965,493939.0,257.181,0.0626993,307.0,207.0,526707.0,0.0,2340.0,9000.0,10942.0,14494.0,20548.0,31492.0,65532.0,830086.0,2624.0,3056.0,3360.0,3816.0,4596.0,5110.0,6280.0,7370.0,,,1048576,,,,,,,,,200000000,0.739659,148.449,mirage,0,9153,mirage,0.0,,,,0.0,,,,,,,,,262997.0,263710.0,0.0,0.0,218.0,15.0,0.0,0.0,0.0,0.0,4.0,15.0,65.0,198.0,371.0,597.0,565.0,8.00195,0.0,0.0,219.0,9.0,1.0,0.0,0.0,1.0,1.0,16.0,82.0,176.0,386.0,571.0,586.0,7.99805,,,526708.0,657.xz_s-3167B.champsimtrace.xz,,,,,,,,
23197332,69.0696,22506971,97.024,690361,2.97604,13098464,70.0319,12890162,98.4097,208302,1.59028,36295796,69.2927,35397133,97.5241,898663,2.47594,0,0.0,0,0.0,0,0.0,690970,137.796,431050,62.3833,259920,37.6167,208292,170.239,141036,67.7107,67256,32.2893,1553311,144.11,1225329,78.885,327982,21.115,654049,0.0,653243,99.8768,806,0.123232,259920,177.588,109552,42.1484,150368,57.8516,67255,157.332,9282,13.8012,57973,86.1988,557136,135.553,292851,52.5636,264285,47.4364,229961,0.0,174017,75.6724,55944,24.3276,9153,0.279725,,268058549,500585.0,260.426,0.141736,393.0,162.0,533353.0,0.0,2048.0,2048.0,2048.0,2048.0,2048.0,2048.0,2048.0,1003218.0,2048.0,2048.0,2048.0,2048.0,2048.0,2048.0,2048.0,2048.0,,,1048576,5770.0,5192.0,3231.0,2831.0,2629.0,2606.0,6941.0,3568.0,200000000,0.746106,135.553,srrip,0,9153,srrip,,533353.0,149192.0,,,,,,,,,,,,,,,,,,,,,,,,,,,,,,,,,,,,,,,,,,,,,,,,657.xz_s-3167B.champsimtrace.xz,0.0,0.0,0.0,0.0,0.0,0.0,0.0,533353.0
38989248,128.309,21055501,54.0034,17933747,45.9966,6048467,238.874,6032949,99.7434,15518,0.256561,45037715,128.405,27088450,60.1461,17949265,39.8539,0,0.0,0,0.0,0,0.0,17933746,140.441,4162883,23.2126,13770863,76.7874,15517,276.392,3109,20.0361,12408,79.9639,20985912,140.558,7202149,34.319,13783763,65.681,3036649,0.0,3036157,99.9838,492,0.0162021,13770863,178.992,5973779,43.3798,7797084,56.6202,12408,234.215,19,0.153127,12389,99.8469,16684299,173.647,8630495,51.7282,8053804,48.2718,2901028,0.0,2656697,91.5778,244331,8.42222,37417,0.266324,99.9948,1535952694,18326497.0,8964.48,7.69103e-05,8968.0,8964.0,18359265.0,0.0,2048.0,2048.0,2048.0,2048.0,2048.0,2048.0,2048.0,36655042.0,2048.0,2048.0,2048.0,2048.0,2048.0,2048.0,2048.0,2048.0,494.0,947.0,1048576,5600.0,7219.0,4029.0,2538.0,1795.0,1325.0,6550.0,3712.0,200000002,0.130212,173.647,enigma,0,37417,enigma,947.0,18358318.0,4889264.0,947.0,0.00515816,947.0,1.0,0.0,0.00515816,18358320.0,0.0,6.01025,5.98975,9177845.0,9181420.0,0.0,0.0,193.0,14.0,0.0,0.0,0.0,0.0,2.0,24.0,78.0,164.0,361.0,632.0,580.0,7.98975,0.0,0.0,205.0,10.0,0.0,0.0,0.0,0.0,1.0,9.0,66.0,174.0,384.0,647.0,552.0,8.01025,0.0,0.571429,18359267.0,bc-0.trace.gz,0.0,0.0,0.0,0.0,0.0,0.0,0.0,18358318.0
39083456,142.261,21149801,54.1145,17933655,45.8855,6048457,247.695,6032940,99.7435,15517,0.256545,45131913,142.352,27182741,60.2295,17949172,39.7705,0,0.0,0,0.0,0,0.0,17933654,158.553,4162864,23.2126,13770790,76.7874,15517,287.433,3109,20.0361,12408,79.9639,20985814,158.664,7202124,34.319,13783690,65.681,3036643,0.0,3036151,99.9838,492,0.0162021,13770790,182.891,4784221,34.7418,8986569,65.2582,12408,247.344,130,1.04771,12278,98.9523,16684215,174.466,7246268,43.4319,9437947,56.5681,2901017,0.0,2461917,84.8639,439100,15.1361,37417,,,1559924202,20457733.0,10005.1,0.0103076,10421.0,9637.0,20490501.0,0.0,2306.0,8876.0,10640.0,13780.0,20084.0,31238.0,65192.0,40759882.0,2686.0,3034.0,3510.0,4048.0,4440.0,5104.0,6018.0,7396.0,,,1048576,,,,,,,,,200000002,0.128211,174.466,mirage,0,37417,mirage,0.0,,,,0.0,,,,,,,,,10248686.0,10241815.0,0.0,0.0,191.0,14.0,0.0,0.0,0.0,0.0,2.0,17.0,44.0,196.0,386.0,675.0,523.0,7.97998,0.0,0.0,211.0,16.0,0.0,0.0,0.0,0.0,7.0,20.0,63.0,180.0,360.0,596.0,595.0,8.02002,,,20490503.0,bc-0.trace.gz,,,,,,,,
38998493,124.002,21064753,54.0143,17933740,45.9857,6048474,239.26,6032957,99.7435,15517,0.256544,45046967,124.102,27097710,60.1543,17949257,39.8457,0,0.0,0,0.0,0,0.0,17933740,134.813,4162862,23.2125,13770878,76.7875,15516,276.785,3108,20.0309,12408,79.9691,20985901,134.936,7202123,34.3189,13783778,65.6811,3036645,0.0,3036153,99.9838,492,0.0162021,13770878,176.744,6000109,43.571,7770769,56.429,12408,238.362,33,0.265957,12375,99.734,16684313,167.877,8485544,50.8594,8198769,49.1406,2901027,0.0,2485402,85.6732,415625,14.3268,37417,0.254496,,1503407078,18672751.0,9133.55,0.109843,13052.0,6278.0,18705519.0,0.0,2048.0,2048.0,2048.0,2048.0,2048.0,2048.0,2048.0,37347550.0,2048.0,2048.0,2048.0,2048.0,2048.0,2048.0,2048.0,2048.0,,,1048576,6418.0,6708.0,3773.0,2417.0,1701.0,1383.0,6560.0,3808.0,200000002,0.133031,167.877,srrip,0,37417,srrip,,18705519.0,4760472.0,,,,,,,,,,,,,,,,,,,,,,,,,,,,,,,,,,,,,,,,,,,,,,,,bc-0.trace.gz,0.0,0.0,0.0,0.0,0.0,0.0,0.0,18705519.0
38439174,137.918,20526376,53.3996,17912798,46.6004,6146464,244.844,6130927,99.7472,15537,0.252779,44585638,138.011,26657303,59.789,17928335,40.211,0,0.0,0,0.0,0,0.0,17912795,153.005,4221154,23.565,13691641,76.435,15537,270.35,2563,16.4961,12974,83.5039,21010114,153.115,7305370,34.7707,13704744,65.2293,3081782,0.0,3081653,99.9958,129,0.00418589,13691640,177.483,6341137,46.3139,7350503,53.6861,12974,227.768,23,0.177278,12951,99.8227,16602280,171.641,8984436,54.1157,7617844,45.8843,2897666,0.0,2643276,91.2209,254390,8.77913,37408,0.271949,99.9956,1459433390,18172618.0,8889.35,7.29434e-05,8892.0,8888.0,18205386.0,0.0,2048.0,2048.0,2048.0,2048.0,2048.0,2048.0,2048.0,36347284.0,2048.0,2048.0,2048.0,2048.0,2048.0,2048.0,2048.0,2048.0,450.0,798.0,1048576,5361.0,7509.0,4045.0,2617.0,1838.0,1399.0,6297.0,3702.0,200000003,0.137039,171.641,enigma,0,37408,enigma,798.0,18204588.0,4950727.0,798.0,0.00438332,798.0,1.0,0.0,0.00438332,18204588.0,0.0,5.99512,6.00488,9103631.0,9101755.0,0.0,0.0,201.0,13.0,0.0,0.0,0.0,2.0,5.0,11.0,69.0,171.0,374.0,629.0,573.0,8.00488,0.0,0.0,211.0,17.0,0.0,0.0,0.0,1.0,5.0,13.0,66.0,180.0,389.0,619.0,547.0,7.99512,0.0,0.571429,18205386.0,bc-12.trace.gz,0.0,0.0,0.0,0.0,0.0,0.0,0.0,18204588.0
38573165,153.722,20660444,53.5617,17912721,46.4383,6146481,250.305,6130943,99.7472,15538,0.252795,44719646,153.806,26791387,59.9097,17928259,40.0903,0,0.0,0,0.0,0,0.0,17912718,173.616,4221185,23.5653,13691533,76.4347,15537,276.79,2563,16.4961,12974,83.5039,21010037,173.712,7305401,34.771,13704636,65.229,3081782,0.0,3081653,99.9958,129,0.00418589,13691532,182.256,4997630,36.5016,8693902,63.4984,12974,236.499,162,1.24865,12812,98.7513,16602168,173.369,7445130,44.8443,9157038,55.1557,2897662,0.0,2447338,84.4591,450324,15.5409,37408,,,1487209885,20483301.0,10017.6,0.0100106,10405.0,9691.0,20516069.0,0.0,2330.0,8840.0,10832.0,14024.0,19768.0,30602.0,62080.0,40814952.0,2618.0,3036.0,3350.0,3892.0,4576.0,5176.0,6026.0,7268.0,,,1048576,,,,,,,,,200000003,0.13448,173.369,mirage,0,37408,mirage,0.0,,,,0.0,,,,,,,,,10257871.0,10258198.0,0.0,0.0,198.0,14.0,1.0,0.0,0.0,0.0,5.0,11.0,66.0,162.0,412.0,622.0,557.0,7.99805,0.0,0.0,239.0,8.0,0.0,0.0,0.0,1.0,5.0,16.0,68.0,185.0,383.0,589.0,554.0,8.00195,,,20516069.0,bc-12.trace.gz,,,,,,,,
38452409,133.865,20539574,53.4156,17912835,46.5844,6146475,243.036,6130937,99.7472,15538,0.252795,44598884,133.96,26670511,59.8008,17928373,40.1992,0,0.0,0,0.0,0,0.0,17912833,147.687,4221207,23.5653,13691626,76.4347,15538,268.297,2564,16.5015,12974,83.4985,21010156,147.799,7305427,34.7709,13704729,65.2291,3081785,0.0,3081656,99.9958,129,0.00418589,13691625,175.57,6361350,46.4616,7330275,53.5384,12974,228.949,28,0.215816,12946,99.7842,16602261,166.23,8842302,53.2596,7759959,46.7404,2897662,0.0,2480924,85.6181,416738,14.3819,37408,0.258945,,1429344027,18542818.0,9070.11,0.110873,12932.0,6501.0,18575586.0,0.0,2048.0,2048.0,2048.0,2048.0,2048.0,2048.0,2048.0,37087684.0,2048.0,2048.0,2048.0,2048.0,2048.0,2048.0,2048.0,2048.0,,,1048576,6432.0,6738.0,3811.0,2498.0,1814.0,1393.0,6474.0,3608.0,200000003,0.139924,166.23,srrip,0,37408,srrip,,18575586.0,4810064.0,,,,,,,,,,,,,,,,,,,,,,,,,,,,,,,,,,,,,,,,,,,,,,,,bc-12.trace.gz,0.0,0.0,0.0,0.0,0.0,0.0,0.0,18575586.0
36699582,138.74,18660038,50.8454,18039544,49.1546,4848431,214.19,4834463,99.7119,13968,0.288093,41548013,138.799,23494501,56.5478,18053512,43.4522,0,0.0,0,0.0,0,0.0,18039543,157.32,4354725,24.1399,13684818,75.8601,13968,263.996,3518,25.1861,10450,74.8139,20469010,157.394,6773067,33.0894,13695943,66.9106,2415499,0.0,2414824,99.9721,675,0.0279445,13684816,208.453,5912852,43.2074,7771964,56.7926,10450,222.074,20,0.191388,10430,99.8086,16039101,204.182,8093219,50.4593,7945882,49.5407,2343835,0.0,2180347,93.0248,163488,6.97524,37418,0.261927,99.9949,1398119649,17507562.0,8564.61,8.95712e-05,8569.0,8564.0,17540330.0,0.0,2048.0,2048.0,2048.0,2048.0,2048.0,2048.0,2048.0,35017172.0,2048.0,2048.0,2048.0,2048.0,2048.0,2048.0,2048.0,2048.0,412.0,889.0,1048576,5188.0,7100.0,3895.0,2359.0,1734.0,1217.0,6844.0,4431.0,200000003,0.143049,179.81,enigma,0,37418,enigma,889.0,17539441.0,4594050.0,889.0,0.00506832,889.0,1.0,0.0,0.00506832,17539442.0,0.0,6.00293,5.99707,8778826.0,8761504.0,0.0,0.0,200.0,19.0,0.0,0.0,0.0,1.0,6.0,15.0,68.0,167.0,374.0,653.0,545.0,7.99707,0.0,0.0,197.0,14.0,0.0,0.0,0.0,0.0,2.0,16.0,58.0,161.0,422.0,616.0,562.0,8.00293,0.0,0.571429,17540331.0,bc-3.trace.gz,0.0,0.0,0.0,0.0,0.0,0.0,0.0,17539441.0
36768512,152.945,18729026,50.9377,18039486,49.0623,4848448,215.162,4834481,99.7119,13967,0.288072,41616960,152.993,23563507,56.62,18053453,43.38,0,0.0,0,0.0,0,0.0,18039485,176.023,4354732,24.14,13684753,75.86,13966,265.389,3516,25.1754,10450,74.8246,20468952,176.082,6773074,33.0895,13695878,66.9105,2415501,0.0,2414826,99.9721,675,0.0279445,13684751,208.66,4696429,34.3187,8988322,65.6813,10450,225.177,94,0.899522,10356,99.1005,16039038,201.103,6701380,41.7817,9337658,58.2183,2343837,0.0,2004857,85.5374,338980,14.4626,37418,,,1430061721,19745761.0,9657.48,0.0101531,9959.0,9334.0,19778529.0,0.0,2340.0,9088.0,11170.0,14834.0,19958.0,29970.0,64846.0,39335832.0,2656.0,3004.0,3482.0,3890.0,4510.0,5174.0,6380.0,7156.0,,,1048576,,,,,,,,,200000003,0.139854,180.349,mirage,0,37418,mirage,0.0,,,,0.0,,,,,,,,,9891723.0,9886806.0,0.0,1.0,207.0,12.0,1.0,0.0,0.0,2.0,5.0,16.0,60.0,180.0,403.0,573.0,588.0,7.99561,0.0,0.0,216.0,17.0,0.0,0.0,0.0,0.0,5.0,19.0,59.0,197.0,385.0,567.0,583.0,8.00439,,,19778531.0,bc-3.trace.gz,,,,,,,,
36704249,134.221,18664713,50.8516,18039536,49.1484,4848509,206.844,4834541,99.7119,13968,0.288089,41552758,134.277,23499254,56.5528,18053504,43.4472,0,0.0,0,0.0,0,0.0,18039535,151.348,4354727,24.1399,13684808,75.8601,13968,254.463,3518,25.1861,10450,74.8139,20469002,151.419,6773068,33.0894,13695934,66.9106,2415499,0.0,2414823,99.972,676,0.0279859,13684806,205.643,5938187,43.3926,7746619,56.6074,10450,216.094,26,0.248804,10424,99.7512,16039093,197.786,7973359,49.712,8065734,50.288,2343837,0.0,2035146,86.8297,308691,13.1703,37418,0.252064,,1367085102,17780685.0,8697.98,0.10143,12051.0,5924.0,17813453.0,0.0,2048.0,2048.0,2048.0,2048.0,2048.0,2048.0,2048.0,35563418.0,2048.0,2048.0,2048.0,2048.0,2048.0,2048.0,2048.0,2048.0,,,1048576,5906.0,6470.0,3749.0,2407.0,1650.0,1276.0,6954.0,4356.0,200000003,0.146297,173.781,srrip,0,37418,srrip,,17813453.0,4490123.0,,,,,,,,,,,,,,,,,,,,,,,,,,,,,,,,,,,,,,,,,,,,,,,,bc-3.trace.gz,0.0,0.0,0.0,0.0,0.0,0.0,0.0,17813453.0
27400563,109.017,9045189,33.011,18355374,66.989,1062962,211.425,1045919,98.3967,17043,1.60335,28463525,109.112,10091108,35.4528,18372417,64.5472,0,0.0,0,0.0,0,0.0,18355374,129.415,5260286,28.658,13095088,71.342,17042,234.645,2840,16.6647,14202,83.3353,18923754,129.529,5814403,30.7254,13109351,69.2746,551338,0.0,551277,99.9889,61,0.011064,13095088,207.992,7364676,56.24,5730412,43.76,14202,193.672,41,0.288692,14161,99.7113,13656724,207.483,7899040,57.8399,5757684,42.1601,547434,0.0,534323,97.605,13111,2.39499,37424,0.27751,99.9961,867368480,14739867.0,7213.2,8.16573e-05,7216.0,7212.0,14772635.0,0.0,2048.0,2048.0,2048.0,2048.0,2048.0,2048.0,2048.0,29481782.0,2048.0,2048.0,2048.0,2048.0,2048.0,2048.0,2048.0,2048.0,274.0,578.0,1048576,4615.0,6569.0,3950.0,2524.0,1905.0,1592.0,7242.0,4371.0,200000002,0.230583,187.365,enigma,0,37424,enigma,578.0,14772057.0,4099399.0,578.0,0.00391264,578.0,1.0,0.0,0.00391264,14772058.0,0.0,6.00098,5.99902,7384943.0,7387692.0,0.0,0.0,192.0,14.0,0.0,0.0,0.0,0.0,4.0,13.0,65.0,180.0,398.0,585.0,597.0,7.99902,0.0,0.0,202.0,17.0,0.0,0.0,0.0,0.0,4.0,18.0,66.0,178.0,379.0,612.0,572.0,8.00098,0.0,0.571429,14772636.0,bc-5.trace.gz,0.0,0.0,0.0,0.0,0.0,0.0,0.0,14772057.0
27646107,130.845,9290876,33.6065,18355231,66.3935,1062985,209.134,1045942,98.3967,17043,1.60332,28709092,130.917,10336818,36.0054,18372274,63.9946,0,0.0,0,0.0,0,0.0,18355231,160.021,5260204,28.6578,13095027,71.3422,17041,231.841,2839,16.6598,14202,83.3402,18923609,160.098,5814319,30.7252,13109290,69.2748,551337,0.0,551276,99.9889,61,0.011064,13095026,207.593,5427592,41.4477,7667434,58.5523,14202,193.017,191,1.34488,14011,98.6551,13656663,205.771,5908181,43.2623,7748482,56.7377,547435,0.0,480398,87.7543,67037,12.2457,37424,,,918843619,17981869.0,8796.21,0.0106098,9080.0,8445.0,18014637.0,0.0,2318.0,8936.0,11028.0,14678.0,19826.0,31182.0,61736.0,35811042.0,2588.0,3002.0,3382.0,3906.0,4390.0,5398.0,5988.0,7106.0,,,1048576,,,,,,,,,200000002,0.217665,190.812,mirage,0,37424,mirage,0.0,,,,0.0,,,,,,,,,9005070.0,9009567.0,0.0,1.0,210.0,14.0,0.0,0.0,0.0,2.0,3.0,17.0,67.0,188.0,365.0,604.0,577.0,7.99756,0.0,0.0,218.0,10.0,0.0,0.0,0.0,0.0,6.0,14.0,73.0,184.0,356.0,619.0,568.0,8.00244,,,18014637.0,bc-5.trace.gz,,,,,,,,
27421197,105.345,9065807,33.0613,18355390,66.9387,1062977,206.503,1045934,98.3967,17043,1.60333,28484174,105.439,10111741,35.4995,18372433,64.5005,0,0.0,0,0.0,0,0.0,18355390,124.267,5260285,28.658,13095105,71.342,17042,228.919,2840,16.6647,14202,83.3353,18923770,124.38,5814402,30.7254,13109368,69.2746,551338,0.0,551277,99.9889,61,0.011064,13095105,204.266,7334093,56.0064,5761012,43.9936,14202,191.292,47,0.330939,14155,99.6691,13656740,202.77,7839879,57.4067,5816861,42.5933,547433,0.0,505739,92.3837,41694,7.61627,37424,0.266743,,846756238,15004345.0,7342.34,0.106633,10749.0,4938.0,15037113.0,0.0,2048.0,2048.0,2048.0,2048.0,2048.0,2048.0,2048.0,30010738.0,2048.0,2048.0,2048.0,2048.0,2048.0,2048.0,2048.0,2048.0,,,1048576,5332.0,5936.0,3571.0,2586.0,2023.0,1560.0,7290.0,4470.0,200000002,0.236195,182.858,srrip,0,37424,srrip,,15037113.0,4011048.0,,,,,,,,,,,,,,,,,,,,,,,,,,,,,,,,,,,,,,,,,,,,,,,,bc-5.trace.gz,0.0,0.0,0.0,0.0,0.0,0.0,0.0,15037113.0
28876854,127.124,23560352,81.5891,5316502,18.4109,7263697,180.653,6988731,96.2145,274966,3.78548,36140551,129.757,30549083,84.5285,5591468,15.4715,0,0.0,0,0.0,0,0.0,5316501,146.928,1278235,24.0428,4038266,75.9572,274966,171.741,10240,3.7241,264726,96.2759,6666267,148.453,2363234,35.4506,4303033,64.5494,1074800,0.0,1074759,99.9962,41,0.00381466,4038266,134.331,774987,19.1911,3263279,80.8089,264726,145.238,22200,8.38603,242526,91.614,5218482,130.683,1594563,30.5561,3623919,69.4439,915490,0.0,797376,87.0983,118114,12.9017,28227,0.149582,99.99,952224909,6836070.0,3353.92,0.000230917,3358.0,3352.0,6868838.0,0.0,2048.0,2048.0,2048.0,2048.0,2048.0,2048.0,2048.0,13674188.0,2048.0,2048.0,2048.0,2048.0,2048.0,2048.0,2048.0,2048.0,279.0,686.0,1048576,4020.0,6255.0,4931.0,3602.0,2066.0,2241.0,6692.0,2961.0,200000003,0.210034,130.683,enigma,0,28227,enigma,686.0,6868164.0,1027354.0,686.0,0.00998712,686.0,1.0,0.0,0.00998712,6868164.0,0.0,5.97461,6.02539,3437839.0,3430999.0,0.0,0.0,227.0,16.0,0.0,0.0,0.0,0.0,5.0,13.0,56.0,181.0,388.0,617.0,545.0,8.02539,0.0,0.0,202.0,18.0,0.0,0.0,0.0,1.0,4.0,26.0,66.0,176.0,383.0,619.0,553.0,7.97461,0.0,0.571429,6868850.0,bfs-10.trace.gz,0.0,0.0,0.0,0.0,0.0,0.0,0.0,6868164.0
28866315,133.308,23549812,81.5823,5316503,18.4177,7255323,181.616,6980357,96.2101,274966,3.78985,36121638,135.684,30530169,84.5204,5591469,15.4796,0,0.0,0,0.0,0,0.0,5316502,155.081,1278235,24.0428,4038267,75.9572,274966,172.777,10241,3.72446,264725,96.2755,6666268,156.168,2363235,35.4506,4303033,64.5494,1074800,0.0,1074759,99.9962,41,0.00381466,4038265,136.692,590370,14.6194,3447895,85.3806,264725,144.554,19140,7.23014,245585,92.7699,5218480,131.03,1350659,25.8822,3867821,74.1178,915490,0.0,741149,80.9565,174341,19.0435,28227,,,967785818,7196891.0,3530.11,0.0166846,3738.0,3333.0,7229659.0,0.0,2342.0,9122.0,11302.0,14236.0,19302.0,31036.0,62820.0,14240214.0,2640.0,2972.0,3464.0,3746.0,4398.0,5296.0,6238.0,7422.0,,,1048576,,,,,,,,,200000003,0.206657,131.03,mirage,0,28227,mirage,0.0,,,,0.0,,,,,,,,,3616299.0,3613360.0,0.0,0.0,194.0,17.0,0.0,0.0,0.0,1.0,2.0,23.0,71.0,166.0,398.0,619.0,557.0,7.97314,0.0,0.0,218.0,14.0,0.0,0.0,0.0,1.0,4.0,13.0,60.0,176.0,398.0,579.0,585.0,8.02686,,,7229659.0,bfs-10.trace.gz,,,,,,,,
28877464,122.316,23560964,81.5894,5316500,18.4106,7245935,180.941,6970969,96.2052,274966,3.79476,36123399,125.199,30531933,84.5212,5591466,15.4788,0,0.0,0,0.0,0,0.0,5316499,140.603,1278234,24.0428,4038265,75.9572,274966,172.051,10240,3.7241,264726,96.2759,6666264,142.537,2363232,35.4506,4303032,64.5494,1074799,0.0,1074758,99.9962,41,0.00381467,4038265,131.484,776009,19.2164,3262256,80.7836,264726,149.967,22218,8.39283,242508,91.6072,5218481,127.648,1573263,30.1479,3645218,69.8521,915490,0.0,775036,84.6581,140454,15.3419,28227,0.147893,,932513092,6856762.0,3364.03,0.0269481,3792.0,3058.0,6889530.0,0.0,2048.0,2048.0,2048.0,2048.0,2048.0,2048.0,2048.0,13715572.0,2048.0,2048.0,2048.0,2048.0,2048.0,2048.0,2048.0,2048.0,,,1048576,5686.0,5217.0,3824.0,2889.0,2515.0,2578.0,6940.0,3119.0,200000003,0.214474,127.648,srrip,0,28227,srrip,,6889552.0,1018915.0,,,,,,,,,,,,,,,,,,,,,,,,,,,,,,,,,,,,,,,,,,,,,,,,bfs-10.trace.gz,0.0,0.0,0.0,0.0,0.0,0.0,0.0,6889552.0
30948079,114.999,25829221,83.4599,5118858,16.5401,6219149,171.024,5983620,96.2128,235529,3.78716,37167228,117.463,31812841,85.5938,5354387,14.4062,0,0.0,0,0.0,0,0.0,5118860,162.533,1981921,38.718,3136939,61.282,235529,162.237,9307,3.95153,226222,96.0485,5949674,162.513,2586497,43.4729,3363177,56.5271,595285,0.0,595269,99.9973,16,0.00268779,3136939,131.646,179445,5.72039,2957494,94.2796,226222,128.146,7849,3.4696,218373,96.5304,3925045,129.088,692170,17.6347,3232875,82.3653,561884,0.0,504876,89.8541,57008,10.1459,27221,0.130137,99.9897,936023033,6823056.0,3347.57,0.000212451,3351.0,3346.0,6855824.0,0.0,2048.0,2048.0,2048.0,2048.0,2048.0,2048.0,2048.0,13648160.0,2048.0,2048.0,2048.0,2048.0,2048.0,2048.0,2048.0,2048.0,302.0,704.0,1048576,1111.0,2130.0,2065.0,2054.0,2003.0,2081.0,12464.0,8860.0,200000000,0.21367,129.088,enigma,0,27221,enigma,704.0,6855123.0,892106.0,704.0,0.0102686,704.0,1.0,0.0,0.0102686,6855123.0,0.0,6.00537,5.99463,3428309.0,3427515.0,0.0,0.0,228.0,18.0,0.0,0.0,0.0,1.0,6.0,19.0,75.0,185.0,384.0,562.0,570.0,7.99463,0.0,0.0,221.0,24.0,0.0,0.0,0.0,1.0,3.0,28.0,64.0,188.0,384.0,553.0,582.0,8.00537,0.0,0.571429,6855827.0,bfs-14.trace.gz,0.0,0.0,0.0,0.0,0.0,0.0,0.0,6855123.0
30947374,117.549,25828517,83.4595,5118857,16.5405,6205944,171.308,5970415,96.2048,235529,3.79522,37153318,119.914,31798932,85.5884,5354386,14.4116,0,0.0,0,0.0,0,0.0,5118859,166.702,1981918,38.718,3136941,61.282,235529,162.531,9307,3.95153,226222,96.0485,5949673,166.421,2586494,43.4729,3363179,56.5271,595285,0.0,595269,99.9973,16,0.00268779,3136941,133.25,116287,3.70702,3020654,96.293,226222,129.703,9977,4.41027,216245,95.5897,3925047,128.283,568802,14.4916,3356245,85.5084,561884,0.0,442538,78.7597,119346,21.2403,27221,,,945924578,7102035.0,3483.79,0.0173254,3690.0,3283.0,7134803.0,0.0,2336.0,9026.0,11114.0,14738.0,20488.0,30912.0,61408.0,14050516.0,2618.0,3026.0,3392.0,3844.0,4650.0,5168.0,6166.0,7436.0,,,1048576,,,,,,,,,200000000,0.211433,128.283,mirage,0,27221,mirage,0.0,,,,0.0,,,,,,,,,3566584.0,3568219.0,0.0,0.0,232.0,23.0,0.0,0.0,0.0,2.0,8.0,26.0,73.0,195.0,362.0,570.0,557.0,7.98193,0.0,1.0,225.0,15.0,0.0,0.0,0.0,0.0,5.0,19.0,68.0,180.0,357.0,607.0,571.0,8.01807,,,7134803.0,bfs-14.trace.gz,,,,,,,,
30948937,110.383,25830069,83.4603,5118868,16.5397,6202713,171.65,5967184,96.2028,235529,3.79719,37151650,113.078,31797253,85.5877,5354397,14.4123,0,0.0,0,0.0,0,0.0,5118869,155.0,1981928,38.7181,3136941,61.2819,235529,162.89,9307,3.95153,226222,96.0485,5949684,155.53,2586505,43.473,3363179,56.527,595286,0.0,595270,99.9973,16,0.00268778,3136941,127.843,178421,5.68774,2958520,94.3123,226222,133.253,8304,3.67073,217918,96.3293,3925047,125.916,690622,17.5953,3234425,82.4047,561884,0.0,503897,89.6799,57987,10.3201,27221,0.130249,,916334305,6823183.0,3347.63,0.0245248,3644.0,3083.0,6855951.0,0.0,2048.0,2048.0,2048.0,2048.0,2048.0,2048.0,2048.0,13648414.0,2048.0,2048.0,2048.0,2048.0,2048.0,2048.0,2048.0,2048.0,,,1048576,1230.0,2250.0,2198.0,2155.0,2164.0,2147.0,12102.0,8522.0,200000000,0.218261,125.916,srrip,0,27221,srrip,,6855951.0,892984.0,,,,,,,,,,,,,,,,,,,,,,,,,,,,,,,,,,,,,,,,,,,,,,,,bfs-14.trace.gz,0.0,0.0,0.0,0.0,0.0,0.0,0.0,6855951.0
28610364,119.677,22947343,80.2064,5663021,19.7936,6898021,176.946,6630065,96.1155,267956,3.88453,35508385,122.265,29577408,83.297,5930977,16.703,0,0.0,0,0.0,0,0.0,5663020,146.461,1639380,28.9489,4023640,71.0511,267956,168.686,11171,4.16897,256785,95.831,6886035,147.793,2605577,37.8386,4280458,62.1614,955059,0.0,955026,99.9965,33,0.00345528,4023640,135.869,826742,20.5471,3196898,79.4529,256785,140.664,19544,7.61104,237241,92.389,5087859,132.604,1560589,30.6728,3527270,69.3272,807434,0.0,714303,88.4658,93131,11.5342,29543,0.178896,99.9905,909820272,7319431.0,3589.94,0.000212322,3593.0,3589.0,7352199.0,0.0,2048.0,2048.0,2048.0,2048.0,2048.0,2048.0,2048.0,14640910.0,2048.0,2048.0,2048.0,2048.0,2048.0,2048.0,2048.0,2048.0,350.0,700.0,1048576,1037.0,2167.0,2059.0,2121.0,2188.0,2215.0,12225.0,8756.0,200000001,0.219824,132.604,enigma,0,29543,enigma,700.0,7351500.0,1315154.0,700.0,0.00952096,700.0,1.0,0.0,0.00952096,7351500.0,0.0,5.97266,6.02734,3675633.0,3676566.0,0.0,0.0,230.0,25.0,0.0,0.0,0.0,0.0,2.0,20.0,79.0,166.0,395.0,556.0,575.0,8.02734,0.0,0.0,241.0,28.0,0.0,0.0,0.0,0.0,5.0,24.0,88.0,188.0,392.0,551.0,531.0,7.97266,0.0,0.571429,7352200.0,bfs-3.trace.gz,0.0,0.0,0.0,0.0,0.0,0.0,0.0,7351500.0
28594985,125.741,22931956,80.1957,5663029,19.8043,6889707,179.228,6621751,96.1108,267956,3.88922,35484692,128.158,29553707,83.2858,5930985,16.7142,0,0.0,0,0.0,0,0.0,5663028,155.003,1639389,28.949,4023639,71.051,267956,171.104,11171,4.16897,256785,95.831,6886043,155.968,2605586,37.8387,4280457,62.1613,955059,0.0,955026,99.9965,33,0.00345528,4023639,138.161,630400,15.6674,3393239,84.3326,256785,141.328,16175,6.29904,240610,93.701,5087858,132.739,1299829,25.5477,3788029,74.4523,807434,0.0,653254,80.9049,154180,19.0951,29543,,,923861261,7929823.0,3887.98,0.0160153,4099.0,3689.0,7962591.0,0.0,2318.0,8842.0,11350.0,14132.0,19918.0,30758.0,64606.0,15704102.0,2634.0,2926.0,3458.0,4064.0,4468.0,5208.0,6094.0,7536.0,,,1048576,,,,,,,,,200000001,0.216483,132.739,mirage,0,29543,mirage,0.0,,,,0.0,,,,,,,,,3981289.0,3981302.0,0.0,0.0,235.0,17.0,0.0,0.0,0.0,1.0,5.0,25.0,76.0,161.0,391.0,571.0,566.0,8.00732,0.0,0.0,237.0,20.0,0.0,0.0,0.0,1.0,9.0,29.0,80.0,168.0,371.0,568.0,565.0,7.99268,,,7962591.0,bfs-3.trace.gz,,,,,,,,
28612411,115.1,22949393,80.2078,5663018,19.7922,6874798,176.342,6606842,96.1023,267956,3.89766,35487209,117.867,29556235,83.287,5930974,16.713,0,0.0,0,0.0,0,0.0,5663017,140.021,1639376,28.9488,4023641,71.0512,267956,168.082,11171,4.16897,256785,95.831,6886032,141.703,2605573,37.8385,4280459,62.1615,955059,0.0,955026,99.9965,33,0.00345528,4023641,132.868,828641,20.5943,3195000,79.4057,256785,144.494,19703,7.67296,237082,92.327,5087860,129.519,1545736,30.3809,3542124,69.6191,807434,0.0,697392,86.3714,110042,13.6286,29543,0.175399,,890697320,7357190.0,3608.38,0.0397568,4330.0,3203.0,7389958.0,0.0,2048.0,2048.0,2048.0,2048.0,2048.0,2048.0,2048.0,14716428.0,2048.0,2048.0,2048.0,2048.0,2048.0,2048.0,2048.0,2048.0,,,1048576,1226.0,2189.0,2244.0,2260.0,2331.0,2384.0,11879.0,8255.0,200000001,0.224543,129.519,srrip,0,29543,srrip,,7390045.0,1296204.0,,,,,,,,,,,,,,,,,,,,,,,,,,,,,,,,,,,,,,,,,,,,,,,,bfs-3.trace.gz,0.0,0.0,0.0,0.0,0.0,0.0,0.0,7390045.0
30526554,128.375,25601989,83.8679,4924565,16.1321,7209387,177.095,6964220,96.5993,245167,3.40066,37735941,130.685,32566209,86.3002,5169732,13.6998,0,0.0,0,0.0,0,0.0,4924564,163.653,1525305,30.9734,3399259,69.0266,245167,168.587,9778,3.9883,235389,96.0117,5895437,163.971,2260771,38.3478,3634666,61.6522,725706,0.0,725688,99.9975,18,0.00248034,3399259,135.391,254967,7.50066,3144292,92.4993,235389,135.91,10209,4.33708,225180,95.6629,4309507,132.41,863293,20.0323,3446214,79.9677,674859,0.0,598117,88.6284,76742,11.3716,27397,0.135327,99.9886,970154668,7088889.0,3477.37,0.000188744,3481.0,3476.0,7121657.0,0.0,2048.0,2048.0,2048.0,2048.0,2048.0,2048.0,2048.0,14179826.0,2048.0,2048.0,2048.0,2048.0,2048.0,2048.0,2048.0,2048.0,370.0,811.0,1048576,1691.0,2704.0,2279.0,2187.0,2467.0,2378.0,11297.0,7765.0,200000000,0.206153,132.41,enigma,0,27397,enigma,811.0,7120848.0,963645.0,811.0,0.0113878,811.0,1.0,0.0,0.0113878,7120848.0,0.0,6.00146,5.99854,3562922.0,3558735.0,0.0,1.0,218.0,24.0,0.0,0.0,0.0,1.0,7.0,17.0,70.0,177.0,382.0,600.0,551.0,7.99854,0.0,0.0,224.0,26.0,0.0,0.0,0.0,0.0,6.0,19.0,80.0,173.0,382.0,587.0,551.0,8.00146,0.0,0.571429,7121659.0,bfs-8.trace.gz,0.0,0.0,0.0,0.0,0.0,0.0,0.0,7120848.0
30522452,132.051,25597894,83.8658,4924558,16.1342,7198521,177.323,6953355,96.5942,245166,3.40578,37720973,134.198,32551249,86.2948,5169724,13.7052,0,0.0,0,0.0,0,0.0,4924557,168.98,1525297,30.9733,3399260,69.0267,245166,168.839,9777,3.98791,235389,96.0121,5895429,168.97,2260762,38.3477,3634667,61.6523,725706,0.0,725688,99.9975,18,0.00248034,3399260,137.431,169269,4.97958,3229991,95.0204,235389,137.246,11995,5.09582,223394,94.9042,4309508,131.983,713886,16.5654,3595622,83.4346,674859,0.0,532622,78.9234,142237,21.0766,27397,,,983887532,7397124.0,3627.88,0.0165775,3874.0,3442.0,7429892.0,0.0,2368.0,8822.0,11534.0,14534.0,19828.0,30902.0,65964.0,14636968.0,2660.0,2986.0,3442.0,3938.0,4428.0,5268.0,5974.0,7400.0,,,1048576,,,,,,,,,200000000,0.203275,131.983,mirage,0,27397,mirage,0.0,,,,0.0,,,,,,,,,3713433.0,3716459.0,0.0,0.0,244.0,19.0,0.0,0.0,0.0,0.0,7.0,21.0,72.0,185.0,371.0,582.0,547.0,8.00781,0.0,0.0,243.0,31.0,0.0,0.0,0.0,0.0,3.0,34.0,77.0,191.0,350.0,600.0,519.0,7.99219,,,7429892.0,bfs-8.trace.gz,,,,,,,,
30527187,123.329,25602621,83.8683,4924566,16.1317,7194894,177.656,6949727,96.5925,245167,3.40751,37722081,125.905,32552348,86.2952,5169733,13.7048,0,0.0,0,0.0,0,0.0,4924565,156.343,1525306,30.9734,3399259,69.0266,245167,169.173,9778,3.9883,235389,96.0117,5895438,157.173,2260772,38.3478,3634666,61.6522,725706,0.0,725688,99.9975,18,0.00248034,3399259,131.755,253813,7.46672,3145446,92.5333,235389,141.024,10659,4.52825,224730,95.4718,4309507,129.26,858178,19.9136,3451329,80.0864,674859,0.0,593706,87.9748,81153,12.0252,27397,0.134975,,949913355,7096980.0,3481.32,0.0259374,3831.0,3219.0,7129748.0,0.0,2048.0,2048.0,2048.0,2048.0,2048.0,2048.0,2048.0,14196008.0,2048.0,2048.0,2048.0,2048.0,2048.0,2048.0,2048.0,2048.0,,,1048576,1714.0,2730.0,2186.0,2217.0,2778.0,2727.0,11011.0,7405.0,200000000,0.210546,129.26,srrip,0,27397,srrip,,7129748.0,962336.0,,,,,,,,,,,,,,,,,,,,,,,,,,,,,,,,,,,,,,,,,,,,,,,,bfs-8.trace.gz,0.0,0.0,0.0,0.0,0.0,0.0,0.0,7129748.0
42937324,81.5212,27538892,64.1374,15398432,35.8626,61546,0.0,61546,100.0,0,0.0,42998870,81.5212,27600438,64.1888,15398432,35.8112,0,0.0,0,0.0,0,0.0,15398432,94.737,4620541,30.0066,10777891,69.9934,0,0.0,0,0.0,0,0.0,15450405,94.7362,4672430,30.2415,10777975,69.7585,51973,0.0,51889,99.8384,84,0.161622,10777891,167.148,7120329,66.0642,3657562,33.9358,0,0.0,0,0.0,0,0.0,10829883,167.123,7171775,66.2221,3658108,33.7779,51992,0.0,51446,98.9498,546,1.05016,30934,0.309059,99.9983,1187449242,7437004.0,3647.35,0.000141782,3650.0,3647.0,7469772.0,0.0,2048.0,2048.0,2048.0,2048.0,2048.0,2048.0,2048.0,14876056.0,2048.0,2048.0,2048.0,2048.0,2048.0,2048.0,2048.0,2048.0,36.0,129.0,1048576,6596.0,8145.0,4180.0,2502.0,1650.0,1166.0,5568.0,2961.0,200000000,0.168428,167.123,enigma,0,30934,enigma,129.0,7469643.0,2308562.0,129.0,0.00172696,129.0,1.0,0.0,0.00172696,7469643.0,0.0,6.01318,5.98682,3740606.0,3729166.0,0.0,0.0,178.0,13.0,0.0,0.0,0.0,0.0,1.0,15.0,47.0,164.0,421.0,676.0,533.0,7.98682,0.0,0.0,163.0,14.0,0.0,0.0,0.0,0.0,3.0,19.0,45.0,151.0,385.0,696.0,572.0,8.01318,0.0,0.571429,7469772.0,cc-13.trace.gz,0.0,0.0,0.0,0.0,0.0,0.0,0.0,7469643.0
43310551,101.387,27912125,64.4465,15398426,35.5535,61546,0.0,61546,100.0,0,0.0,43372097,101.387,27973671,64.4969,15398426,35.5031,0,0.0,0,0.0,0,0.0,15398426,123.127,4620571,30.0068,10777855,69.9932,0,0.0,0,0.0,0,0.0,15450399,123.126,4672460,30.2417,10777939,69.7583,51973,0.0,51889,99.8384,84,0.161622,10777855,165.095,5221343,48.4451,5556512,51.5549,0,0.0,0,0.0,0,0.0,10829847,164.91,5267106,48.6351,5562741,51.3649,51992,0.0,45763,88.0193,6229,11.9807,30934,,,1326768625,11048552.0,5410.8,0.0134902,5667.0,5175.0,11081320.0,0.0,2288.0,8974.0,10990.0,14330.0,18872.0,31450.0,63442.0,21942970.0,2644.0,3030.0,3476.0,3996.0,4472.0,5424.0,6104.0,7410.0,,,1048576,,,,,,,,,200000000,0.150742,164.91,mirage,0,30934,mirage,0.0,,,,0.0,,,,,,,,,5540028.0,5541292.0,0.0,0.0,192.0,9.0,0.0,0.0,0.0,1.0,4.0,14.0,62.0,178.0,380.0,647.0,561.0,7.98438,0.0,0.0,181.0,13.0,0.0,0.0,0.0,1.0,3.0,14.0,64.0,144.0,406.0,628.0,594.0,8.01562,,,11081320.0,cc-13.trace.gz,,,,,,,,
42947011,78.3844,27548588,64.1455,15398423,35.8545,61546,0.0,61546,100.0,0,0.0,43008557,78.3844,27610134,64.1968,15398423,35.8032,0,0.0,0,0.0,0,0.0,15398423,90.2568,4620541,30.0066,10777882,69.9934,0,0.0,0,0.0,0,0.0,15450396,90.2561,4672430,30.2415,10777966,69.7585,51973,0.0,51889,99.8384,84,0.161622,10777882,163.189,7063304,65.5352,3714578,34.4648,0,0.0,0,0.0,0,0.0,10829874,163.097,7113212,65.6814,3716662,34.3186,51992,0.0,49908,95.9917,2084,4.00831,30934,0.302365,,1161604561,7558732.0,3706.79,0.131927,5794.0,2434.0,7591500.0,0.0,2048.0,2048.0,2048.0,2048.0,2048.0,2048.0,2048.0,15119512.0,2048.0,2048.0,2048.0,2048.0,2048.0,2048.0,2048.0,2048.0,,,1048576,7172.0,7616.0,3946.0,2562.0,1727.0,1201.0,5617.0,2927.0,200000000,0.172176,163.097,srrip,0,30934,srrip,,7591500.0,2295406.0,,,,,,,,,,,,,,,,,,,,,,,,,,,,,,,,,,,,,,,,,,,,,,,,cc-13.trace.gz,0.0,0.0,0.0,0.0,0.0,0.0,0.0,7591500.0
41910950,81.9559,26927750,64.2499,14983200,35.7501,64741,0.0,64741,100.0,0,0.0,41975691,81.9559,26992491,64.3051,14983200,35.6949,0,0.0,0,0.0,0,0.0,14983201,95.5597,4522585,30.1844,10460616,69.8156,0,0.0,0,0.0,0,0.0,15037737,95.559,4577043,30.437,10460694,69.563,54536,0.0,54458,99.857,78,0.143025,10460618,168.765,6894061,65.9049,3566557,34.0951,0,0.0,0,0.0,0,0.0,10515166,168.738,6948052,66.0765,3567114,33.9235,54548,0.0,53991,98.9789,557,1.02112,30182,0.309264,99.9981,1039825384,7265437.0,3563.58,0.000157843,3566.0,3563.0,7298205.0,0.0,2048.0,2048.0,2048.0,2048.0,2048.0,2048.0,2048.0,14532922.0,2048.0,2048.0,2048.0,2048.0,2048.0,2048.0,2048.0,2048.0,39.0,138.0,1048576,6602.0,8220.0,4088.0,2522.0,1652.0,1222.0,5541.0,2921.0,200000000,0.19234,168.738,enigma,0,30182,enigma,138.0,7298067.0,2257028.0,138.0,0.00189088,138.0,1.0,0.0,0.00189088,7298067.0,0.0,6.03418,5.96582,3651882.0,3646323.0,0.0,0.0,163.0,13.0,0.0,0.0,0.0,0.0,2.0,9.0,69.0,180.0,390.0,654.0,568.0,7.96582,0.0,0.0,173.0,12.0,0.0,0.0,0.0,0.0,1.0,9.0,52.0,157.0,398.0,649.0,597.0,8.03418,0.0,0.571429,7298205.0,cc-14.trace.gz,0.0,0.0,0.0,0.0,0.0,0.0,0.0,7298067.0
42329331,102.174,27346188,64.6034,14983143,35.3966,64741,0.0,64741,100.0,0,0.0,42394072,102.174,27410929,64.6575,14983143,35.3425,0,0.0,0,0.0,0,0.0,14983144,124.529,4522540,30.1842,10460604,69.8158,0,0.0,0,0.0,0,0.0,15037680,124.528,4576998,30.4369,10460682,69.5631,54536,0.0,54458,99.857,78,0.143025,10460606,167.504,5058011,48.3529,5402595,51.6471,0,0.0,0,0.0,0,0.0,10515154,167.309,5106268,48.561,5408886,51.439,54548,0.0,48257,88.467,6291,11.533,30182,,,1158146205,10774556.0,5277.01,0.0136183,5559.0,5051.0,10807324.0,0.0,2326.0,8736.0,11082.0,13878.0,19308.0,29190.0,66504.0,21394782.0,2616.0,3042.0,3442.0,3916.0,4338.0,5234.0,6158.0,7328.0,,,1048576,,,,,,,,,200000000,0.17269,167.309,mirage,0,30182,mirage,0.0,,,,0.0,,,,,,,,,5405459.0,5401865.0,0.0,0.0,202.0,10.0,0.0,0.0,0.0,1.0,2.0,22.0,50.0,192.0,403.0,601.0,565.0,7.97949,0.0,0.0,187.0,13.0,0.0,0.0,0.0,0.0,3.0,13.0,68.0,168.0,352.0,656.0,588.0,8.02051,,,10807324.0,cc-14.trace.gz,,,,,,,,
41922673,78.8699,26939491,64.26,14983182,35.74,64741,0.0,64741,100.0,0,0.0,41987414,78.8699,27004232,64.3151,14983182,35.6849,0,0.0,0,0.0,0,0.0,14983183,91.1412,4522576,30.1843,10460607,69.8157,0,0.0,0,0.0,0,0.0,15037719,91.1405,4577034,30.437,10460685,69.563,54536,0.0,54458,99.857,78,0.143025,10460609,164.827,6835423,65.3444,3625186,34.6556,0,0.0,0,0.0,0,0.0,10515157,164.729,6887812,65.5037,3627345,34.4963,54548,0.0,52389,96.042,2159,3.95798,30182,0.302101,,1017238321,7388609.0,3623.72,0.131491,6150.0,2486.0,7421377.0,0.0,2048.0,2048.0,2048.0,2048.0,2048.0,2048.0,2048.0,14779266.0,2048.0,2048.0,2048.0,2048.0,2048.0,2048.0,2048.0,2048.0,,,1048576,7619.0,7382.0,3958.0,2507.0,1605.0,1141.0,5681.0,2875.0,200000000,0.196611,164.729,srrip,0,30182,srrip,,7421377.0,2242005.0,,,,,,,,,,,,,,,,,,,,,,,,,,,,,,,,,,,,,,,,,,,,,,,,cc-14.trace.gz,0.0,0.0,0.0,0.0,0.0,0.0,0.0,7421377.0
40758497,92.7074,26014502,63.826,14743995,36.174,66571,0.0,66571,100.0,0,0.0,40825068,92.7074,26081073,63.8849,14743995,36.1151,0,0.0,0,0.0,0,0.0,14743995,111.615,4515028,30.6228,10228967,69.3772,0,0.0,0,0.0,0,0.0,14799671,111.614,4570610,30.8832,10229061,69.1168,55676,0.0,55582,99.8312,94,0.168834,10228967,216.418,6750685,65.9958,3478282,34.0042,0,0.0,0,0.0,0,0.0,10284666,216.383,6805822,66.1745,3478844,33.8255,55699,0.0,55137,98.991,562,1.00899,29430,0.309222,99.9982,901910139,7101712.0,3483.63,0.000159448,3486.0,3483.0,7134480.0,0.0,2048.0,2048.0,2048.0,2048.0,2048.0,2048.0,2048.0,14205472.0,2048.0,2048.0,2048.0,2048.0,2048.0,2048.0,2048.0,2048.0,43.0,125.0,1048576,6584.0,8240.0,4135.0,2472.0,1747.0,1178.0,5578.0,2834.0,200000000,0.221752,169.447,enigma,0,29430,enigma,125.0,7134355.0,2206096.0,125.0,0.00175205,125.0,1.0,0.0,0.00175205,7134355.0,0.0,5.98535,6.01465,3575844.0,3558636.0,0.0,0.0,170.0,7.0,0.0,0.0,0.0,1.0,3.0,9.0,51.0,161.0,386.0,673.0,587.0,8.01465,0.0,0.0,167.0,11.0,0.0,0.0,0.0,0.0,2.0,16.0,53.0,170.0,401.0,651.0,577.0,7.98535,0.0,0.571429,7134480.0,cc-5.trace.gz,0.0,0.0,0.0,0.0,0.0,0.0,0.0,7134355.0
41223434,113.045,26479406,64.2339,14744028,35.7661,66571,0.0,66571,100.0,0,0.0,41290005,113.045,26545977,64.2915,14744028,35.7085,0,0.0,0,0.0,0,0.0,14744028,140.942,4515101,30.6233,10228927,69.3767,0,0.0,0,0.0,0,0.0,14799704,140.941,4570683,30.8836,10229021,69.1164,55676,0.0,55582,99.8312,94,0.168834,10228927,168.65,4956847,48.4591,5272080,51.5409,0,0.0,0,0.0,0,0.0,10284626,168.438,5005931,48.6739,5278695,51.3261,55699,0.0,49084,88.1237,6615,11.8763,29430,,,1001265571,10523040.0,5154.2,0.0138769,5412.0,4900.0,10555808.0,0.0,2302.0,8856.0,10750.0,14454.0,20038.0,29636.0,62712.0,20893926.0,2644.0,3078.0,3350.0,3924.0,4504.0,5294.0,6096.0,7284.0,,,1048576,,,,,,,,,200000000,0.199747,168.438,mirage,0,29430,mirage,0.0,,,,0.0,,,,,,,,,5276872.0,5278936.0,0.0,0.0,186.0,15.0,0.0,0.0,0.0,0.0,3.0,16.0,58.0,162.0,389.0,638.0,581.0,8.01562,0.0,0.0,204.0,10.0,0.0,0.0,0.0,1.0,2.0,17.0,72.0,154.0,403.0,644.0,541.0,7.98438,,,10555808.0,cc-5.trace.gz,,,,,,,,
40769648,100.719,26025686,63.8359,14743962,36.1641,66571,0.0,66571,100.0,0,0.0,40836219,100.719,26092257,63.8949,14743962,36.1051,0,0.0,0,0.0,0,0.0,14743961,107.201,4514983,30.6226,10228978,69.3774,0,0.0,0,0.0,0,0.0,14799637,107.2,4570565,30.883,10229072,69.117,55676,0.0,55582,99.8312,94,0.168834,10228978,165.557,6694107,65.4426,3534871,34.5574,0,0.0,0,0.0,0,0.0,10284677,165.455,6747613,65.6084,3537064,34.3916,55699,0.0,53506,96.0628,2193,3.93723,29430,0.302121,,882014335,7224856.0,3543.76,0.136258,5771.0,2418.0,7257624.0,0.0,2048.0,2048.0,2048.0,2048.0,2048.0,2048.0,2048.0,14451760.0,2048.0,2048.0,2048.0,2048.0,2048.0,2048.0,2048.0,2048.0,,,1048576,7304.0,7582.0,3961.0,2487.0,1692.0,1157.0,5720.0,2865.0,200000000,0.226754,165.455,srrip,0,29430,srrip,,7257624.0,2192684.0,,,,,,,,,,,,,,,,,,,,,,,,,,,,,,,,,,,,,,,,,,,,,,,,cc-5.trace.gz,0.0,0.0,0.0,0.0,0.0,0.0,0.0,7257624.0
44128748,95.966,27484270,62.282,16644478,37.718,54782,0.0,54782,100.0,0,0.0,44183530,95.966,27539052,62.3288,16644478,37.6712,0,0.0,0,0.0,0,0.0,16644477,94.8545,5013597,30.1217,11630880,69.8783,0,0.0,0,0.0,0,0.0,16691252,94.8539,5060301,30.3171,11630951,69.6829,46775,0.0,46704,99.8482,71,0.15179,11630880,166.937,7670544,65.9498,3960336,34.0502,0,0.0,0,0.0,0,0.0,11677676,166.915,7716818,66.0818,3960858,33.9182,46796,0.0,46274,98.8845,522,1.11548,33133,0.307714,99.9981,1319015652,7986947.0,3915.88,0.000121781,3918.0,3915.0,8019715.0,0.0,2048.0,2048.0,2048.0,2048.0,2048.0,2048.0,2048.0,15975942.0,2048.0,2048.0,2048.0,2048.0,2048.0,2048.0,2048.0,2048.0,51.0,150.0,1048576,6496.0,8449.0,4051.0,2561.0,1602.0,1165.0,5501.0,2943.0,200000000,0.151628,166.915,enigma,0,33133,enigma,150.0,8019565.0,2467733.0,150.0,0.00187039,150.0,1.0,0.0,0.00187039,8019566.0,0.0,5.99365,6.00635,4019147.0,4000568.0,0.0,0.0,169.0,5.0,0.0,0.0,0.0,0.0,0.0,10.0,44.0,158.0,424.0,666.0,572.0,8.00635,0.0,0.0,187.0,8.0,0.0,0.0,0.0,0.0,3.0,13.0,68.0,156.0,389.0,663.0,561.0,7.99365,0.0,0.571429,8019716.0,cc-6.trace.gz,0.0,0.0,0.0,0.0,0.0,0.0,0.0,8019565.0
44477974,115.886,27833525,62.5782,16644449,37.4218,54782,0.0,54782,100.0,0,0.0,44532756,115.886,27888307,62.6243,16644449,37.3757,0,0.0,0,0.0,0,0.0,16644448,123.309,5013585,30.1217,11630863,69.8783,0,0.0,0,0.0,0,0.0,16691223,123.309,5060289,30.3171,11630934,69.6829,46775,0.0,46704,99.8482,71,0.15179,11630863,165.063,5620476,48.3238,6010387,51.6762,0,0.0,0,0.0,0,0.0,11677659,164.91,5661687,48.4831,6015972,51.5169,46796,0.0,41211,88.0652,5585,11.9348,33133,,,1474691256,11877665.0,5815.64,0.0134599,6102.0,5528.0,11910433.0,0.0,2282.0,8560.0,11098.0,14304.0,19824.0,31328.0,63722.0,23601276.0,2658.0,2876.0,3382.0,3872.0,4434.0,5300.0,5934.0,7248.0,,,1048576,,,,,,,,,200000000,0.135622,164.91,mirage,0,33133,mirage,0.0,,,,0.0,,,,,,,,,5954939.0,5955494.0,0.0,0.0,204.0,10.0,0.0,0.0,0.0,1.0,4.0,23.0,55.0,169.0,365.0,624.0,593.0,8.02197,0.0,0.0,180.0,7.0,0.0,0.0,0.0,0.0,1.0,15.0,49.0,191.0,411.0,615.0,579.0,7.97803,,,11910436.0,cc-6.trace.gz,,,,,,,,
44137168,78.3371,27492698,62.2892,16644470,37.7108,54782,0.0,54782,100.0,0,0.0,44191950,78.3371,27547480,62.336,16644470,37.664,0,0.0,0,0.0,0,0.0,16644470,90.356,5013591,30.1217,11630879,69.8783,0,0.0,0,0.0,0,0.0,16691245,90.3554,5060295,30.3171,11630950,69.6829,46775,0.0,46704,99.8482,71,0.15179,11630879,162.974,7609835,65.4279,4021044,34.5721,0,0.0,0,0.0,0,0.0,11677674,162.9,7654815,65.5509,4022859,34.4491,46795,0.0,44980,96.1214,1815,3.87862,33133,0.301238,,1289298726,8116705.0,3979.23,0.129129,6731.0,2630.0,8149473.0,0.0,2048.0,2048.0,2048.0,2048.0,2048.0,2048.0,2048.0,16235458.0,2048.0,2048.0,2048.0,2048.0,2048.0,2048.0,2048.0,2048.0,,,1048576,7192.0,7547.0,4201.0,2485.0,1630.0,1201.0,5480.0,3032.0,200000001,0.155123,162.9,srrip,0,33133,srrip,,8149473.0,2454933.0,,,,,,,,,,,,,,,,,,,,,,,,,,,,,,,,,,,,,,,,,,,,,,,,cc-6.trace.gz,0.0,0.0,0.0,0.0,0.0,0.0,0.0,8149473.0
59926972,92.9435,25455919,42.4782,34471053,57.5218,2986415,173.229,2920855,97.8047,65560,2.19527,62913387,93.0959,28376774,45.1045,34536613,54.8955,0,0.0,0,0.0,0,0.0,34471068,83.9269,2472932,7.17393,31998136,92.8261,65560,158.362,56,0.0854179,65504,99.9146,34686888,84.0789,2623247,7.56265,32063641,92.4374,150260,0.0,150259,99.9993,1,0.000665513,31998136,170.469,23382514,73.0746,8615622,26.9254,65504,130.142,5013,7.65297,60491,92.347,32199566,168.718,23447874,72.8205,8751692,27.1795,135926,0.0,60347,44.397,75579,55.603,34814,0.304779,99.9977,3412935467,17243314.0,8435.59,7.94765e-05,8439.0,8435.0,17276082.0,0.0,2048.0,2048.0,2048.0,2048.0,2048.0,2048.0,2048.0,34488676.0,2048.0,2048.0,2048.0,2048.0,2048.0,2048.0,2048.0,2048.0,61.0,404.0,1048576,7300.0,7681.0,3933.0,2506.0,1762.0,1278.0,5513.0,2795.0,200000003,0.0586006,168.718,enigma,0,34814,enigma,404.0,17275678.0,5265263.0,404.0,0.00233849,404.0,1.0,0.0,0.00233849,17275678.0,0.0,5.97168,6.02832,8644966.0,8631116.0,0.0,0.0,174.0,17.0,0.0,0.0,0.0,0.0,2.0,19.0,46.0,161.0,384.0,656.0,589.0,8.02832,0.0,0.0,164.0,11.0,0.0,0.0,0.0,1.0,3.0,11.0,55.0,176.0,411.0,642.0,574.0,7.97168,0.0,0.571429,17276082.0,pr-10.trace.gz,0.0,0.0,0.0,0.0,0.0,0.0,0.0,17275678.0
60715983,115.477,26244884,43.2257,34471099,56.7743,2980397,181.471,2914837,97.8003,65560,2.19971,63696380,115.602,29159721,45.7792,34536659,54.2208,0,0.0,0,0.0,0,0.0,34471113,108.202,2472999,7.17412,31998114,92.8259,65560,166.612,56,0.0854179,65504,99.9146,34686935,108.321,2623316,7.56284,32063619,92.4372,150262,0.0,150261,99.9993,1,0.000665504,31998114,168.416,18664269,58.3293,13333845,41.6707,65504,135.315,3300,5.03786,62204,94.9621,32199545,167.417,18735841,58.1867,13463704,41.8133,135927,0.0,68272,50.227,67655,49.773,34814,,,4175114101,26383819.0,12898.7,0.00884009,13330.0,12540.0,26416587.0,0.0,2296.0,8796.0,11092.0,14654.0,20088.0,31136.0,63236.0,52613396.0,2574.0,2938.0,3358.0,3912.0,4298.0,5360.0,6172.0,7100.0,,,1048576,,,,,,,,,200000003,0.0479029,167.417,mirage,0,34814,mirage,0.0,,,,0.0,,,,,,,,,13205356.0,13211231.0,0.0,0.0,194.0,15.0,0.0,0.0,0.0,0.0,3.0,21.0,63.0,159.0,404.0,625.0,564.0,7.99365,0.0,0.0,186.0,17.0,0.0,0.0,0.0,0.0,3.0,20.0,56.0,161.0,381.0,668.0,556.0,8.00635,,,26416587.0,pr-10.trace.gz,,,,,,,,
61755703,145.476,27284547,44.1814,34471156,55.8186,3041652,145.39,2976092,97.8446,65560,2.15541,64797355,145.476,30260639,46.7004,34536716,53.2996,0,0.0,0,0.0,0,0.0,34471171,140.519,2473058,7.17428,31998113,92.8257,65560,130.5,56,0.0854179,65504,99.9146,34686991,140.499,2623373,7.56299,32063618,92.437,150260,0.0,150259,99.9993,1,0.000665513,31998113,159.318,10607408,33.1501,21390705,66.8499,65504,97.5499,792,1.20909,64712,98.7909,32199544,158.854,10706593,33.2508,21492951,66.7492,135927,0.0,98393,72.3866,37534,27.6134,34814,0.144141,,5220637100,41967334.0,20507.9,1.52038,96726.0,2644.0,42000102.0,0.0,2048.0,2048.0,2048.0,2048.0,2048.0,2048.0,2048.0,83936716.0,2048.0,2048.0,2048.0,2048.0,2048.0,2048.0,2048.0,2048.0,,,1048576,1241.0,1768.0,1246.0,1229.0,1149.0,929.0,11918.0,13288.0,200000003,0.0383095,158.854,srrip,0,34814,srrip,,42000102.0,6053944.0,,,,,,,,,,,,,,,,,,,,,,,,,,,,,,,,,,,,,,,,,,,,,,,,pr-10.trace.gz,0.0,0.0,0.0,0.0,0.0,0.0,0.0,42000102.0
59906603,92.8927,25433387,42.4551,34473216,57.5449,2976402,179.664,2910842,97.7973,65560,2.20266,62883005,93.0574,28344229,45.0745,34538776,54.9255,0,0.0,0,0.0,0,0.0,34473230,83.8398,2460202,7.13656,32013028,92.8634,65560,164.566,48,0.0732154,65512,99.9268,34689749,84.0046,2611207,7.52732,32078542,92.4727,150959,0.0,150957,99.9987,2,0.00132486,32013028,170.483,23410125,73.1269,8602903,26.8731,65512,136.085,4861,7.42001,60651,92.58,32214465,168.77,23475354,72.8721,8739111,27.1279,135925,0.0,60368,44.4127,75557,55.5873,34815,0.305171,99.9975,3410884334,17214852.0,8421.69,8.02091e-05,8425.0,8421.0,17247620.0,0.0,2048.0,2048.0,2048.0,2048.0,2048.0,2048.0,2048.0,34431752.0,2048.0,2048.0,2048.0,2048.0,2048.0,2048.0,2048.0,2048.0,62.0,425.0,1048576,7198.0,7719.0,4023.0,2476.0,1725.0,1300.0,5467.0,2860.0,200000003,0.0586358,168.77,enigma,0,34815,enigma,425.0,17247195.0,5263349.0,425.0,0.00246411,425.0,1.0,0.0,0.00246411,17247195.0,0.0,5.99902,6.00098,8608986.0,8638634.0,0.0,0.0,187.0,10.0,0.0,0.0,0.0,1.0,3.0,11.0,64.0,163.0,387.0,654.0,568.0,8.00098,0.0,0.0,181.0,13.0,0.0,0.0,0.0,0.0,2.0,18.0,56.0,161.0,403.0,642.0,572.0,7.99902,0.0,0.571429,17247620.0,pr-14.trace.gz,0.0,0.0,0.0,0.0,0.0,0.0,0.0,17247195.0
60702131,115.422,26228865,43.2091,34473266,56.7909,2969684,189.049,2904124,97.7924,65560,2.20764,63671815,115.562,29132989,45.7549,34538826,54.2451,0,0.0,0,0.0,0,0.0,34473280,108.101,2460255,7.1367,32013025,92.8633,65560,173.946,48,0.0732154,65512,99.9268,34689801,108.236,2611262,7.52746,32078539,92.4725,150961,0.0,150959,99.9987,2,0.00132485,32013025,168.413,18691546,58.3873,13321479,41.6127,65512,142.509,3245,4.95329,62267,95.0467,32214462,167.45,18763415,58.2453,13451047,41.7547,135925,0.0,68624,50.4867,67301,49.5133,34815,,,4172875230,26356541.0,12885.4,0.00895019,13283.0,12512.0,26389309.0,0.0,2366.0,9048.0,11192.0,14630.0,20234.0,30104.0,63734.0,52558486.0,2570.0,2928.0,3340.0,3944.0,4516.0,5396.0,6134.0,7228.0,,,1048576,,,,,,,,,200000003,0.0479286,167.45,mirage,0,34815,mirage,0.0,,,,0.0,,,,,,,,,13192238.0,13197071.0,0.0,0.0,192.0,10.0,0.0,0.0,0.0,1.0,7.0,10.0,62.0,173.0,391.0,572.0,630.0,8.01953,0.0,0.0,183.0,15.0,0.0,0.0,0.0,1.0,3.0,10.0,66.0,167.0,401.0,659.0,543.0,7.98047,,,26389309.0,pr-14.trace.gz,,,,,,,,
61750315,145.433,27276977,44.173,34473338,55.827,3026482,150.853,2960922,97.8338,65560,2.16621,64776797,145.443,30237899,46.6801,34538898,53.3199,0,0.0,0,0.0,0,0.0,34473352,140.419,2460343,7.13694,32013009,92.8631,65560,135.948,48,0.0732154,65512,99.9268,34689872,140.41,2611349,7.5277,32078523,92.4723,150960,0.0,150958,99.9987,2,0.00132485,32013009,159.304,10630032,33.2054,21382977,66.7946,65512,102.38,788,1.20283,64724,98.7972,32214446,158.857,10729506,33.3065,21484940,66.6935,135925,0.0,98686,72.6033,37239,27.3967,34815,0.144112,,5219418392,41944375.0,20496.7,1.52065,99532.0,2644.0,41977143.0,0.0,2048.0,2048.0,2048.0,2048.0,2048.0,2048.0,2048.0,83890798.0,2048.0,2048.0,2048.0,2048.0,2048.0,2048.0,2048.0,2048.0,,,1048576,1370.0,1654.0,1168.0,1125.0,1130.0,917.0,11777.0,13627.0,200000003,0.0383184,158.857,srrip,0,34815,srrip,,41977143.0,6049403.0,,,,,,,,,,,,,,,,,,,,,,,,,,,,,,,,,,,,,,,,,,,,,,,,pr-14.trace.gz,0.0,0.0,0.0,0.0,0.0,0.0,0.0,41977143.0
59950457,92.8982,25496467,42.5292,34453990,57.4708,2922735,223.933,2857175,97.7569,65560,2.2431,62873192,93.1471,28353642,45.0966,34519550,54.9034,0,0.0,0,0.0,0,0.0,34454002,83.9204,2487619,7.22012,31966383,92.7799,65560,208.885,57,0.0869433,65503,99.9131,34669496,84.1759,2637610,7.60787,32031886,92.3921,149934,0.0,149934,100.0,0,0.0,31966383,170.52,23362868,73.0857,8603515,26.9143,65503,184.543,4973,7.59202,60530,92.408,32167952,169.136,23427992,72.8302,8739960,27.1698,136066,0.0,60151,44.2072,75915,55.7928,34813,0.30501,99.9976,3413618846,17220815.0,8424.6,7.92573e-05,8428.0,8424.0,17253583.0,0.0,2048.0,2048.0,2048.0,2048.0,2048.0,2048.0,2048.0,34443678.0,2048.0,2048.0,2048.0,2048.0,2048.0,2048.0,2048.0,2048.0,46.0,408.0,1048576,7137.0,7848.0,4050.0,2518.0,1578.0,1245.0,5364.0,3028.0,200000000,0.0585888,169.136,enigma,0,34813,enigma,408.0,17253175.0,5262383.0,408.0,0.00236473,408.0,1.0,0.0,0.00236473,17253175.0,0.0,6.02393,5.97607,8627969.0,8625614.0,0.0,0.0,180.0,17.0,0.0,0.0,0.0,1.0,3.0,18.0,63.0,171.0,410.0,611.0,574.0,7.97607,0.0,0.0,197.0,7.0,0.0,0.0,0.0,0.0,4.0,19.0,44.0,151.0,411.0,640.0,575.0,8.02393,0.0,0.571429,17253583.0,pr-3.trace.gz,0.0,0.0,0.0,0.0,0.0,0.0,0.0,17253175.0
60742041,115.421,26288008,43.2781,34454033,56.7219,2916861,232.143,2851301,97.7524,65560,2.24762,63658902,115.643,29139309,45.7741,34519593,54.2259,0,0.0,0,0.0,0,0.0,34454046,108.197,2487671,7.22026,31966375,92.7797,65560,217.108,57,0.0869433,65503,99.9131,34669539,108.42,2637661,7.60801,32031878,92.392,149933,0.0,149933,100.0,0,0.0,31966375,168.453,18649464,58.3409,13316911,41.6591,65503,188.145,3283,5.01198,62220,94.988,32167944,167.694,18720907,58.1974,13447037,41.8026,136066,0.0,68160,50.0933,67906,49.9067,34813,,,4174974425,26349586.0,12882.0,0.00872679,13306.0,12488.0,26382354.0,0.0,2278.0,9014.0,11294.0,14166.0,19536.0,31102.0,61556.0,52547250.0,2650.0,3036.0,3454.0,3788.0,4430.0,5162.0,5964.0,7260.0,,,1048576,,,,,,,,,200000000,0.0479045,167.694,mirage,0,34813,mirage,0.0,,,,0.0,,,,,,,,,13195498.0,13186856.0,0.0,0.0,202.0,10.0,1.0,0.0,0.0,0.0,0.0,17.0,70.0,159.0,411.0,578.0,600.0,8.01514,0.0,0.0,195.0,17.0,0.0,0.0,0.0,1.0,4.0,15.0,70.0,169.0,407.0,601.0,569.0,7.98486,,,26382354.0,pr-3.trace.gz,,,,,,,,
61813585,145.532,27359468,44.2613,34454117,55.7387,2948898,211.444,2883338,97.7768,65560,2.2232,64762483,145.657,30242806,46.698,34519677,53.302,0,0.0,0,0.0,0,0.0,34454130,140.652,2487769,7.22052,31966361,92.7795,65560,196.602,57,0.0869433,65503,99.9131,34669623,140.766,2637759,7.60827,32031864,92.3917,149933,0.0,149933,100.0,0,0.0,31966361,159.371,10576741,33.0871,21389620,66.9129,65503,163.856,793,1.21063,64710,98.7894,32167930,159.107,10676179,33.1889,21491751,66.8111,136066,0.0,98645,72.4979,37421,27.5021,34813,0.14387,,5222896545,41963368.0,20505.9,1.5212,100220.0,2644.0,41996136.0,0.0,2048.0,2048.0,2048.0,2048.0,2048.0,2048.0,2048.0,83928784.0,2048.0,2048.0,2048.0,2048.0,2048.0,2048.0,2048.0,2048.0,,,1048576,1257.0,1792.0,1302.0,1077.0,926.0,1035.0,12184.0,13195.0,200000000,0.0382929,159.107,srrip,0,34813,srrip,,41996136.0,6041997.0,,,,,,,,,,,,,,,,,,,,,,,,,,,,,,,,,,,,,,,,,,,,,,,,pr-3.trace.gz,0.0,0.0,0.0,0.0,0.0,0.0,0.0,41996136.0
59880850,92.9627,25420231,42.4514,34460619,57.5486,2727407,224.233,2661847,97.5963,65560,2.40375,62608257,93.2119,28082078,44.8536,34526179,55.1464,0,0.0,0,0.0,0,0.0,34460631,83.8864,2449380,7.10776,32011251,92.8922,65560,209.214,73,0.111348,65487,99.8887,34676247,84.1423,2599509,7.49651,32076738,92.5035,150056,0.0,150056,100.0,0,0.0,32011251,170.711,23411839,73.1363,8599412,26.8637,65487,184.693,5002,7.63816,60485,92.3618,32212665,169.333,23477265,72.8821,8735400,27.1179,135927,0.0,60424,44.4533,75503,55.5467,34808,0.305177,99.9976,3411368574,17212021.0,8420.31,6.43782e-05,8423.0,8420.0,17244789.0,0.0,2048.0,2048.0,2048.0,2048.0,2048.0,2048.0,2048.0,34426090.0,2048.0,2048.0,2048.0,2048.0,2048.0,2048.0,2048.0,2048.0,58.0,417.0,1048576,7097.0,7811.0,4017.0,2633.0,1771.0,1273.0,5421.0,2745.0,200000003,0.0586275,169.333,enigma,0,34808,enigma,417.0,17244372.0,5262578.0,417.0,0.00241812,417.0,1.0,0.0,0.00241812,17244372.0,0.0,6.0127,5.9873,8639072.0,8605717.0,0.0,0.0,184.0,7.0,0.0,0.0,0.0,0.0,2.0,18.0,65.0,174.0,373.0,642.0,583.0,7.9873,0.0,0.0,166.0,9.0,0.0,0.0,0.0,0.0,2.0,13.0,50.0,154.0,407.0,653.0,594.0,8.0127,0.0,0.571429,17244789.0,pr-5.trace.gz,0.0,0.0,0.0,0.0,0.0,0.0,0.0,17244372.0
60673057,115.516,26212387,43.2027,34460670,56.7973,2719484,233.293,2653924,97.5892,65560,2.41075,63392541,115.74,28866311,45.5358,34526230,54.4642,0,0.0,0,0.0,0,0.0,34460682,108.166,2449443,7.10794,32011239,92.8921,65560,218.301,73,0.111348,65487,99.8887,34676297,108.391,2599571,7.49668,32076726,92.5033,150055,0.0,150055,100.0,0,0.0,32011239,168.559,18690070,58.386,13321169,41.614,65487,189.205,3277,5.00405,62210,94.996,32212653,167.807,18761650,58.2431,13451003,41.7569,135927,0.0,68303,50.2498,67624,49.7502,34808,,,4173775301,26361433.0,12887.8,0.00901091,13283.0,12486.0,26394201.0,0.0,2316.0,8858.0,10676.0,14258.0,19760.0,30594.0,61764.0,52571760.0,2692.0,2948.0,3432.0,3942.0,4354.0,5104.0,5994.0,7182.0,,,1048576,,,,,,,,,200000003,0.0479182,167.807,mirage,0,34808,mirage,0.0,,,,0.0,,,,,,,,,13192909.0,13201292.0,0.0,0.0,179.0,13.0,0.0,0.0,0.0,0.0,4.0,9.0,66.0,175.0,361.0,659.0,582.0,8.00684,0.0,0.0,173.0,12.0,0.0,0.0,0.0,0.0,4.0,11.0,57.0,172.0,382.0,672.0,565.0,7.99316,,,26394201.0,pr-5.trace.gz,,,,,,,,
61759189,145.631,27298451,44.2014,34460738,55.7986,2792230,212.706,2726670,97.6521,65560,2.34794,64551419,145.758,30025121,46.5135,34526298,53.4865,0,0.0,0,0.0,0,0.0,34460751,140.586,2449535,7.10819,32011216,92.8918,65560,197.91,73,0.111348,65487,99.8887,34676363,140.703,2599660,7.49692,32076703,92.5031,150052,0.0,150052,100.0,0,0.0,32011216,159.393,10608063,33.1386,21403153,66.8614,65487,165.39,764,1.16664,64723,98.8334,32212630,159.135,10707489,33.24,21505141,66.76,135927,0.0,98662,72.5845,37265,27.4155,34808,0.14398,,5222705555,41978349.0,20513.2,1.52195,112239.0,2644.0,42011117.0,0.0,2048.0,2048.0,2048.0,2048.0,2048.0,2048.0,2048.0,83958746.0,2048.0,2048.0,2048.0,2048.0,2048.0,2048.0,2048.0,2048.0,,,1048576,1213.0,1768.0,1323.0,1120.0,948.0,1078.0,11940.0,13378.0,200000003,0.0382943,159.135,srrip,0,34808,srrip,,42011117.0,6048744.0,,,,,,,,,,,,,,,,,,,,,,,,,,,,,,,,,,,,,,,,,,,,,,,,pr-5.trace.gz,0.0,0.0,0.0,0.0,0.0,0.0,0.0,42011117.0
40810925,108.958,30054113,73.6423,10756812,26.3577,1057862,68.4895,785840,74.2857,272022,25.7143,41868787,107.959,30839953,73.6586,11028834,26.3414,0,0.0,0,0.0,0,0.0,10756809,111.853,2862836,26.6142,7893973,73.3858,272016,128.588,159263,58.5491,112753,41.4509,11784937,112.084,3777883,32.0569,8007054,67.9431,756112,0.0,755784,99.9566,328,0.0433798,7893973,171.105,4494396,56.9345,3399577,43.0655,112752,199.595,62003,54.9906,50749,45.0094,8466397,170.806,5001583,59.0757,3464814,40.9243,459672,0.0,445184,96.8482,14488,3.15181,58068,0.277727,99.9961,604936049,7299655.0,3580.28,0.000145667,3583.0,3580.0,7332423.0,0.0,2048.0,2048.0,2048.0,2048.0,2048.0,2048.0,2048.0,14601358.0,2048.0,2048.0,2048.0,2048.0,2048.0,2048.0,2048.0,2048.0,159.0,287.0,1048576,5435.0,7160.0,3857.0,2592.0,1990.0,1577.0,6564.0,3593.0,200000001,0.330613,170.806,enigma,0,58068,enigma,287.0,7332136.0,2036333.0,287.0,0.00391412,287.0,1.0,0.0,0.00391412,7332136.0,0.0,6.02344,5.97656,3671299.0,3661124.0,0.0,0.0,186.0,13.0,0.0,0.0,0.0,0.0,2.0,18.0,60.0,187.0,403.0,599.0,580.0,7.97656,0.0,0.0,217.0,18.0,0.0,0.0,0.0,0.0,6.0,18.0,58.0,178.0,365.0,631.0,557.0,8.02344,0.0,0.571429,7332423.0,sssp-10.trace.gz,0.0,0.0,0.0,0.0,0.0,0.0,0.0,7332136.0
41330616,130.372,30573822,73.9738,10756794,26.0262,1057845,75.567,785823,74.2853,272022,25.7147,42388461,129.02,31359645,73.9816,11028816,26.0184,0,0.0,0,0.0,0,0.0,10756791,141.017,2862844,26.6143,7893947,73.3857,272016,145.666,159264,58.5495,112752,41.4505,11784919,141.076,3777892,32.057,8007027,67.943,756112,0.0,755784,99.9566,328,0.0433798,7893947,171.484,3157945,40.0046,4736002,59.9954,112751,196.392,51353,45.5455,61398,54.4545,8466369,169.353,3599556,42.5159,4866813,57.4841,459671,0.0,390258,84.8994,69413,15.1006,58068,,,657176080,9902159.0,4851.04,0.0145801,5115.0,4627.0,9934927.0,0.0,2326.0,8882.0,11182.0,14586.0,20318.0,31072.0,64602.0,19648054.0,2658.0,2998.0,3354.0,3756.0,4618.0,5092.0,6260.0,7328.0,,,1048576,,,,,,,,,200000001,0.304332,169.353,mirage,0,58068,mirage,0.0,,,,0.0,,,,,,,,,4967374.0,4967553.0,0.0,0.0,212.0,20.0,0.0,0.0,0.0,2.0,6.0,12.0,65.0,182.0,378.0,635.0,536.0,7.99658,0.0,0.0,222.0,9.0,0.0,0.0,0.0,0.0,6.0,16.0,60.0,164.0,419.0,595.0,557.0,8.00342,,,9934930.0,sssp-10.trace.gz,,,,,,,,
40864596,93.6609,30107785,73.6769,10756811,26.3231,1057956,66.2674,785938,74.2883,272018,25.7117,41922552,92.9853,30893723,73.6924,11028829,26.3076,0,0.0,0,0.0,0,0.0,10756809,106.644,2862828,26.6141,7893981,73.3859,272012,123.218,159259,58.5485,112753,41.4515,11784929,106.873,3777868,32.0568,8007061,67.9432,756108,0.0,755781,99.9568,327,0.0432478,7893981,167.183,4471488,56.6443,3422493,43.3557,112752,194.908,61577,54.6128,51175,45.3872,8466404,166.33,4966390,58.66,3500014,41.34,459671,0.0,433325,94.2685,26346,5.73149,58068,0.27053,,587594370,7396844.0,3627.74,0.102987,5309.0,2627.0,7429612.0,0.0,2048.0,2048.0,2048.0,2048.0,2048.0,2048.0,2048.0,14795736.0,2048.0,2048.0,2048.0,2048.0,2048.0,2048.0,2048.0,2048.0,,,1048576,6179.0,6521.0,3752.0,2518.0,1986.0,1545.0,6544.0,3723.0,200000001,0.340371,166.33,srrip,0,58068,srrip,,7429612.0,2009930.0,,,,,,,,,,,,,,,,,,,,,,,,,,,,,,,,,,,,,,,,,,,,,,,,sssp-10.trace.gz,0.0,0.0,0.0,0.0,0.0,0.0,0.0,7429612.0
41156100,97.4649,30402905,73.8722,10753195,26.1278,1064043,69.4167,793253,74.5508,270790,25.4492,42220143,96.7759,31196158,73.8893,11023985,26.1107,0,0.0,0,0.0,0,0.0,10753195,112.005,2873991,26.7269,7879204,73.2731,270786,129.445,157334,58.1027,113452,41.8973,11779893,112.245,3786744,32.1458,7993149,67.8542,755912,0.0,755419,99.9348,493,0.0652192,7879203,171.242,4481634,56.8793,3397569,43.1207,113452,198.567,61634,54.3261,51818,45.6739,8454243,170.944,4990558,59.0302,3463685,40.9698,461588,0.0,447290,96.9024,14298,3.09757,58148,0.277626,99.9962,605803231,7297076.0,3579.03,0.000137042,3582.0,3578.0,7329844.0,0.0,2048.0,2048.0,2048.0,2048.0,2048.0,2048.0,2048.0,14596200.0,2048.0,2048.0,2048.0,2048.0,2048.0,2048.0,2048.0,2048.0,136.0,279.0,1048576,5472.0,7327.0,3688.0,2466.0,1793.0,1599.0,6607.0,3816.0,200000002,0.33014,170.944,enigma,0,58148,enigma,279.0,7329565.0,2034875.0,279.0,0.00380636,279.0,1.0,0.0,0.00380636,7329566.0,0.0,6.03418,5.96582,3664042.0,3665802.0,0.0,0.0,190.0,16.0,0.0,0.0,0.0,0.0,7.0,20.0,71.0,177.0,382.0,619.0,566.0,7.96582,0.0,1.0,208.0,12.0,0.0,0.0,0.0,0.0,4.0,27.0,51.0,165.0,355.0,634.0,591.0,8.03418,0.0,0.571429,7329845.0,sssp-14.trace.gz,0.0,0.0,0.0,0.0,0.0,0.0,0.0,7329565.0
41671441,118.958,30918287,74.1954,10753154,25.8046,1064044,76.4526,793255,74.551,270789,25.449,42735485,117.914,31711542,74.2042,11023943,25.7958,0,0.0,0,0.0,0,0.0,10753154,141.343,2873973,26.7268,7879181,73.2732,270785,146.22,157332,58.1022,113453,41.8978,11779851,141.404,3786724,32.1458,7993127,67.8542,755912,0.0,755419,99.9348,493,0.0652192,7879180,171.788,3145337,39.9196,4733843,60.0804,113453,195.428,51059,45.0045,62394,54.9955,8454221,169.646,3588747,42.4492,4865474,57.5508,461588,0.0,392351,85.0003,69237,14.9997,58148,,,658347114,9897932.0,4848.97,0.0144494,5092.0,4658.0,9930700.0,0.0,2284.0,8570.0,11082.0,13980.0,20076.0,30874.0,64740.0,19641114.0,2594.0,2978.0,3428.0,3956.0,4456.0,5146.0,6176.0,7178.0,,,1048576,,,,,,,,,200000002,0.303791,169.646,mirage,0,58148,mirage,0.0,,,,0.0,,,,,,,,,4965211.0,4965489.0,0.0,0.0,230.0,20.0,0.0,0.0,0.0,0.0,8.0,24.0,61.0,186.0,373.0,596.0,550.0,8.00293,0.0,0.0,209.0,20.0,0.0,0.0,0.0,1.0,2.0,23.0,69.0,169.0,387.0,612.0,556.0,7.99707,,,9930702.0,sssp-14.trace.gz,,,,,,,,
41208999,93.6645,30455786,73.9057,10753213,26.0943,1064172,67.1422,793383,74.554,270789,25.446,42273171,93.013,31249169,73.922,11024002,26.078,0,0.0,0,0.0,0,0.0,10753213,106.814,2874008,26.727,7879205,73.273,270785,124.0,157332,58.1022,113453,41.8978,11779910,107.051,3786759,32.1459,7993151,67.8541,755912,0.0,755419,99.9348,493,0.0652192,7879204,167.361,4458700,56.5882,3420504,43.4118,113453,193.863,61249,53.9862,52204,46.0138,8454245,166.498,4955237,58.6124,3499008,41.3876,461588,0.0,435288,94.3023,26300,5.69772,58148,0.270472,,588423749,7394627.0,3626.66,0.102529,5217.0,2703.0,7427395.0,0.0,2048.0,2048.0,2048.0,2048.0,2048.0,2048.0,2048.0,14791302.0,2048.0,2048.0,2048.0,2048.0,2048.0,2048.0,2048.0,2048.0,,,1048576,6318.0,6575.0,3717.0,2391.0,1806.0,1526.0,6530.0,3905.0,200000002,0.339891,166.498,srrip,0,58148,srrip,,7427395.0,2008905.0,,,,,,,,,,,,,,,,,,,,,,,,,,,,,,,,,,,,,,,,,,,,,,,,sssp-14.trace.gz,0.0,0.0,0.0,0.0,0.0,0.0,0.0,7427395.0
46742981,97.6565,35988910,76.9932,10754071,23.0068,1070819,71.195,795984,74.3341,274835,25.6659,47813800,96.9971,36784894,76.9336,11028906,23.0664,0,0.0,0,0.0,0,0.0,10754070,112.306,2877291,26.7554,7876779,73.2446,274830,131.979,158285,57.5938,116545,42.4062,11789618,112.585,3795683,32.1951,7993935,67.8049,760718,0.0,760107,99.9197,611,0.0803189,7876779,171.498,4471565,56.769,3405214,43.231,116544,200.341,62341,53.4914,54203,46.5086,8459519,171.218,4985313,58.9314,3474206,41.0686,466196,0.0,451407,96.8277,14789,3.17227,58226,0.27774,99.9966,606757957,7305239.0,3583.01,0.00013209,3585.0,3582.0,7338007.0,0.0,2048.0,2048.0,2048.0,2048.0,2048.0,2048.0,2048.0,14612526.0,2048.0,2048.0,2048.0,2048.0,2048.0,2048.0,2048.0,2048.0,132.0,250.0,1048576,5468.0,7379.0,4101.0,2594.0,1806.0,1439.0,6350.0,3631.0,200000001,0.329621,171.218,enigma,0,58226,enigma,250.0,7337757.0,2037987.0,250.0,0.00340692,250.0,1.0,0.0,0.00340692,7337758.0,0.0,6.02295,5.97705,3671442.0,3666565.0,0.0,0.0,198.0,14.0,0.0,0.0,0.0,1.0,4.0,16.0,62.0,166.0,422.0,620.0,545.0,7.97705,0.0,0.0,210.0,14.0,0.0,0.0,0.0,0.0,5.0,23.0,60.0,159.0,383.0,611.0,583.0,8.02295,0.0,0.571429,7338008.0,sssp-3.trace.gz,0.0,0.0,0.0,0.0,0.0,0.0,0.0,7337757.0
47286480,119.07,36532441,77.2577,10754039,22.7423,1070940,78.107,796101,74.3367,274839,25.6633,48357420,118.049,37328542,77.193,11028878,22.807,0,0.0,0,0.0,0,0.0,10754039,141.548,2877279,26.7553,7876760,73.2447,274833,148.29,158289,57.5946,116544,42.4054,11789594,141.636,3795679,32.1952,7993915,67.8048,760722,0.0,760111,99.9197,611,0.0803184,7876760,171.926,3138845,39.8494,4737915,60.1506,116543,197.125,51810,44.4557,64733,55.5443,8459497,169.779,3586489,42.396,4873008,57.604,466194,0.0,395834,84.9076,70360,15.0924,58226,,,659229759,9902793.0,4851.35,0.0138176,5107.0,4630.0,9935561.0,0.0,2352.0,8940.0,11064.0,14248.0,20670.0,30396.0,64150.0,19650554.0,2628.0,2950.0,3348.0,3732.0,4546.0,5280.0,6054.0,7442.0,,,1048576,,,,,,,,,200000001,0.303384,169.779,mirage,0,58226,mirage,0.0,,,,0.0,,,,,,,,,4967697.0,4967864.0,0.0,0.0,185.0,20.0,0.0,0.0,0.0,0.0,5.0,19.0,79.0,164.0,394.0,598.0,584.0,7.97754,0.0,1.0,232.0,11.0,0.0,0.0,0.0,0.0,2.0,25.0,64.0,165.0,384.0,592.0,572.0,8.02246,,,9935561.0,sssp-3.trace.gz,,,,,,,,
46786144,93.8556,36032061,77.0144,10754083,22.9856,1070944,69.0661,796111,74.3373,274833,25.6627,47857088,93.2378,36828172,76.9545,11028916,23.0455,0,0.0,0,0.0,0,0.0,10754081,107.113,2877293,26.7554,7876788,73.2446,274827,126.988,158281,57.593,116546,42.407,11789624,107.395,3795679,32.1951,7993945,67.8049,760716,0.0,760105,99.9197,611,0.0803191,7876788,167.561,4447404,56.4622,3429384,43.5378,116545,196.205,61803,53.0293,54742,46.9707,8459530,166.733,4948686,58.4984,3510844,41.5016,466197,0.0,439479,94.2689,26718,5.73105,58226,0.27053,,589392777,7403148.0,3630.82,0.101181,5250.0,2707.0,7435916.0,0.0,2048.0,2048.0,2048.0,2048.0,2048.0,2048.0,2048.0,14808344.0,2048.0,2048.0,2048.0,2048.0,2048.0,2048.0,2048.0,2048.0,,,1048576,6224.0,6762.0,4013.0,2606.0,1849.0,1384.0,6319.0,3611.0,200000001,0.339332,166.733,srrip,0,58226,srrip,,7435916.0,2011637.0,,,,,,,,,,,,,,,,,,,,,,,,,,,,,,,,,,,,,,,,,,,,,,,,sssp-3.trace.gz,0.0,0.0,0.0,0.0,0.0,0.0,0.0,7435916.0
40822620,97.4069,30055609,73.6249,10767011,26.3751,1049411,69.4698,778744,74.2077,270667,25.7923,41872031,96.7218,30834353,73.6395,11037678,26.3605,0,0.0,0,0.0,0,0.0,10767011,112.034,2885039,26.7952,7881972,73.2048,270667,129.568,157291,58.1124,113376,41.8876,11793306,112.278,3797592,32.2013,7995714,67.7987,755628,0.0,755262,99.9516,366,0.0484365,7881972,171.422,4485315,56.906,3396657,43.094,113375,198.848,61606,54.3383,51769,45.6617,8451904,171.137,4989447,59.0334,3462457,40.9666,456557,0.0,442526,96.9268,14031,3.07322,58341,0.278056,99.9959,605484417,7300246.0,3580.57,0.00017269,3584.0,3580.0,7333014.0,0.0,2048.0,2048.0,2048.0,2048.0,2048.0,2048.0,2048.0,14602540.0,2048.0,2048.0,2048.0,2048.0,2048.0,2048.0,2048.0,2048.0,158.0,303.0,1048576,5511.0,7504.0,4100.0,2542.0,1882.0,1278.0,6277.0,3674.0,200000002,0.330314,171.137,enigma,0,58341,enigma,303.0,7332711.0,2038907.0,303.0,0.004132,303.0,1.0,0.0,0.004132,7332711.0,0.0,5.96729,6.03271,3659430.0,3673584.0,0.0,0.0,192.0,23.0,0.0,0.0,0.0,0.0,4.0,15.0,46.0,169.0,401.0,627.0,571.0,8.03271,0.0,0.0,207.0,17.0,0.0,0.0,0.0,0.0,2.0,27.0,59.0,175.0,417.0,614.0,530.0,7.96729,0.0,0.571429,7333014.0,sssp-5.trace.gz,0.0,0.0,0.0,0.0,0.0,0.0,0.0,7332711.0
41343603,118.858,30576663,73.9574,10766940,26.0426,1049351,76.4728,778680,74.2059,270671,25.7941,42392954,117.818,31355343,73.9636,11037611,26.0364,0,0.0,0,0.0,0,0.0,10766941,141.342,2885000,26.795,7881941,73.205,270671,146.305,157293,58.1122,113378,41.8878,11793245,141.406,3797560,32.2011,7995685,67.7989,755633,0.0,755267,99.9516,366,0.0484362,7881942,171.935,3150515,39.9713,4731427,60.0287,113377,195.219,50914,44.9068,62463,55.0932,8451877,169.799,3589113,42.4653,4862764,57.5347,456558,0.0,387684,84.9145,68874,15.0855,58341,,,658032423,9903955.0,4851.92,0.0144684,5119.0,4517.0,9936723.0,0.0,2254.0,9124.0,11140.0,14442.0,19584.0,30460.0,62998.0,19654606.0,2622.0,2910.0,3322.0,3786.0,4556.0,5354.0,6074.0,7446.0,,,1048576,,,,,,,,,200000002,0.303936,169.799,mirage,0,58341,mirage,0.0,,,,0.0,,,,,,,,,4967250.0,4969473.0,0.0,0.0,198.0,17.0,0.0,0.0,0.0,1.0,4.0,18.0,58.0,160.0,393.0,626.0,573.0,8.01709,0.0,0.0,218.0,21.0,0.0,0.0,0.0,2.0,3.0,16.0,73.0,179.0,400.0,602.0,534.0,7.98291,,,9936723.0,sssp-5.trace.gz,,,,,,,,
40879331,93.6162,30112330,73.6615,10767001,26.3385,1049396,67.0828,778727,74.2072,270669,25.7928,41928727,92.9655,30891057,73.6752,11037670,26.3248,0,0.0,0,0.0,0,0.0,10767001,106.851,2885027,26.7951,7881974,73.2049,270669,123.905,157293,58.1127,113376,41.8873,11793300,107.088,3797584,32.2012,7995716,67.7988,755630,0.0,755264,99.9516,366,0.0484364,7881974,167.512,4461541,56.6044,3420433,43.3956,113375,193.838,61263,54.0357,52112,45.9643,8451906,166.703,4954281,58.6173,3497625,41.3827,456557,0.0,431477,94.5067,25080,5.49329,58341,0.270696,,588216429,7399594.0,3629.08,0.10467,5551.0,2736.0,7432362.0,0.0,2048.0,2048.0,2048.0,2048.0,2048.0,2048.0,2048.0,14801236.0,2048.0,2048.0,2048.0,2048.0,2048.0,2048.0,2048.0,2048.0,,,1048576,6514.0,6731.0,3893.0,2489.0,1807.0,1340.0,6327.0,3667.0,200000002,0.340011,166.703,srrip,0,58341,srrip,,7432362.0,2011911.0,,,,,,,,,,,,,,,,,,,,,,,,,,,,,,,,,,,,,,,,,,,,,,,,sssp-5.trace.gz,0.0,0.0,0.0,0.0,0.0,0.0,0.0,7432362.0
